created_at,indexed_at,text,author_handle,author_display_name,author_did,like_count,repost_count,reply_count,uri,cid,financial_score,top_topics,top_scores,finbert_sentiment,finbert_score
2026-05-01T17:31:18.829Z,2026-05-01T17:31:20.678Z,leaked benchmarks look impressive for panther lake in handheld form outperforming the amd z2 extreme,digitalfoundry.bsky.social,Digital Foundry,did:plc:sdkjeb6sj3aqwwtwnbuusybk,3,0,0,at://did:plc:sdkjeb6sj3aqwwtwnbuusybk/app.bsky.feed.post/3mksnthzlz22c,bafyreih3txggvk5j6nzlp57ss6tfqmqzisyqpusnxydfq4mgjazv657fkm,0.6421759128570557,"['portfolio', 'equities']","[0.6421759128570557, 0.6380503177642822]",positive,0.949883222579956
2026-05-01T17:30:48.291211Z,2026-05-01T17:30:48.980Z,riot platforms stock soars after its data center launch yet bitcoin mining revenue drops 22 is this a setback for the crypto sector bitcoin,bitcoinlatest.bsky.social,Bitcoin Latest News,did:plc:tm7ee4ozhhxwne575nkp4tsm,0,0,0,at://did:plc:tm7ee4ozhhxwne575nkp4tsm/app.bsky.feed.post/3mksnsl523w2q,bafyreicqyeha27gjimmrlvpkvy3ecvlyudlc5m4wgseesmtmbgxzjgblzm,0.7159936428070068,"['crypto', 'equities']","[0.7159936428070068, 0.6191086769104004]",negative,0.9724970459938049
2026-05-01T17:29:02.896Z,2026-05-01T17:29:05.993Z,monitor dell gaming 27 full hd 240hz ips 05ms amd freesync premium t v 3 estrelas se2726hg por apenas r 103410 em 10x sem juros ative o cupom eletronic10 amznto3ogesjg,caramelopromo.bsky.social,Caramelo das promoções,did:plc:eoprkmorvbv6bw4p3hzj3jns,0,0,0,at://did:plc:eoprkmorvbv6bw4p3hzj3jns/app.bsky.feed.post/3mksnpgfbw22z,bafyreig4yo2xuxr63rd4wl5kxjujxhjfa2zbou5ncsgypz3tyz5ll55unq,0.5636857151985168,"['portfolio', 'equities']","[0.5636857151985168, 0.5568110346794128]",neutral,0.8153925538063049
2026-05-01T17:27:17.000Z,2026-05-01T17:27:29.372Z,last 10 years nvidia nvda 22875 bitcoin btc 17205 amd 10030 tesla tsla 2362 apple aapl 1233 google googl 999 netflix nflx 932 microsoft msft 844 amazon amzn 717 meta meta 425 sp 500 spy 312 gold gld 245 us inflation 39,charliebilello.zpravobot.news.ap.brid.gy,Charlie Bilello :bot:,did:plc:h2gw2tiximbwqpeatsz6rqim,0,0,0,at://did:plc:h2gw2tiximbwqpeatsz6rqim/app.bsky.feed.post/3mksnmimjm5s2,bafyreievfuzaucatrc2px6vebdvtgcjxkiwlqdmkki4o5mzplyilw54jgi,0.7161105871200562,"['crypto', 'macro']","[0.7161105871200562, 0.6682892441749573]",neutral,0.9173952341079712
2026-05-01T17:24:54.971416Z,2026-05-01T17:24:57.672Z,asus amd dual radeon rx 9060 xt 16gb gddr6 dualrx9060xt16g amazon,papalog11.bsky.social,Papalog,did:plc:5bwhugbygkastihtd6wn6wwx,0,0,0,at://did:plc:5bwhugbygkastihtd6wn6wwx/app.bsky.feed.post/3mksni4bnbb2y,bafyreiaiwkg5kccffxbi5lmoip7z6wx56gyvkopew3ald6k3gjm74vy4ti,0.5768388509750366,"['forex', 'equities']","[0.5768388509750366, 0.5646467208862305]",neutral,0.9252641797065735
2026-05-01T17:24:22.328413Z,2026-05-01T17:24:25.076Z,asus amd radeon rx 9060 xt 16gb gddr6 oc primerx9060xto16g amazon,papalog11.bsky.social,Papalog,did:plc:5bwhugbygkastihtd6wn6wwx,0,0,0,at://did:plc:5bwhugbygkastihtd6wn6wwx/app.bsky.feed.post/3mksnh56jfa2z,bafyreidztwhb42ddjeyn43347iaf6mmdmu2wrcfnqooaiinpnhrefi7e3i,0.5703621506690979,"['crypto', 'equities']","[0.5703621506690979, 0.5627704858779907]",neutral,0.9259207844734192
2026-05-01T17:23:41.243731Z,2026-05-01T17:23:44.771Z,asus amd dual radeon rx 9060 xt 16gb gddr6 dualrx9060xt16g amazon,papalog11.bsky.social,Papalog,did:plc:5bwhugbygkastihtd6wn6wwx,0,0,0,at://did:plc:5bwhugbygkastihtd6wn6wwx/app.bsky.feed.post/3mksnfvyzis2p,bafyreibo6ugjnxbyhiphj2z4mt7fbhd2yktk4shdaihvciimjdm3evdkge,0.5768388509750366,"['forex', 'equities']","[0.5768388509750366, 0.5646467208862305]",neutral,0.9252641797065735
2026-05-01T17:17:14.943Z,2026-05-01T17:17:18.172Z,ecr ssd hp ryzen 7 7730u 16gb ddr4 512gb 156 fhd 1920 pc x 1080 pc amd radeon graphics inclui windows 11 instalado laptop gamer 14em0033 con regalo de r 607468 r 297655 51 off link oferta promo o desconto,poupax.bsky.social,poupax,did:plc:xg3d64pr5svduwjieph2hz2s,0,0,0,at://did:plc:xg3d64pr5svduwjieph2hz2s/app.bsky.feed.post/3mksn2fqpr32e,bafyreib4g2jgbuprtmm52dvvko2vfo7pkcdfigmg372x37zvytnb5etoe4,0.5665218234062195,"['portfolio', 'crypto']","[0.5665218234062195, 0.5535799264907837]",neutral,0.8507550358772278
2026-05-01T17:17:01.597Z,2026-05-01T17:17:06.086Z,tambi n te digo que si amd se pone las pilas tienen un nicho de mercado curiosete,fonstarchild.bsky.social,Fon,did:plc:qeprgk2df6ibrgby34zgs4z5,0,0,0,at://did:plc:qeprgk2df6ibrgby34zgs4z5/app.bsky.feed.post/3mksmzwixf222,bafyreigwvvikxnw2ribbnmwuiocppovylswr4clte5gqlh42pduphzrknu,0.5300138592720032,"['crypto', 'derivatives']","[0.5300138592720032, 0.5098361372947693]",positive,0.5294700264930725
2026-05-01T17:11:42.055Z,2026-05-01T17:11:42.280Z,cmon fellas i think 90 of us had a pooping our pants phase amd no ones talkin about it,mummyfriend.bsky.social,Margaret Wartime Esq.,did:plc:lgccdnivnp5uafj7favogagb,1,0,1,at://did:plc:lgccdnivnp5uafj7favogagb/app.bsky.feed.post/3mksmqfrcnk2j,bafyreieotlfmg72i5c3y4j7pnkxa6q3tiziqumejigrta7tcuxmwlhsgf4,0.519227147102356,"['macro', 'derivatives']","[0.519227147102356, 0.5076149106025696]",neutral,0.7321531772613525
2026-05-01T17:10:23.673Z,2026-05-01T17:10:40.773Z,amd ryzen vrm motherboards am5 motherboard vrm comparison table and ranking choosing the right motherboard always comes down to one key question which model offers the best power delivery and longterm potential winddproenam5mothe,winddofficial.bsky.social,Windd.pro,did:plc:g4uhxnojd4vjmpp4xmzrkpdw,0,0,0,at://did:plc:g4uhxnojd4vjmpp4xmzrkpdw/app.bsky.feed.post/3mksmo2zcpc2g,bafyreieoriy2re5h5s27tpfeop2j3g6j4n3t47et6z4op547plnqgmelea,0.5698947906494141,"['portfolio', 'equities']","[0.5698947906494141, 0.5650609135627747]",neutral,0.8720008134841919
2026-05-01T17:09:17.288Z,2026-05-01T17:09:20.973Z,using the ddg search engine this excellent blogspot from 2013 is the only known result from all of online for the word weeldaus,cosmicchambo.bsky.social,Kosmische Chambeaux,did:plc:7zxbevzrkljptz5bebqmml6g,0,0,0,at://did:plc:7zxbevzrkljptz5bebqmml6g/app.bsky.feed.post/3mksmm3pglc2i,bafyreiatsytznweoscmcznsjqormmzrj3akss2yuim4lgwehkalufgsk3m,0.5635519623756409,"['crypto', 'derivatives']","[0.5635519623756409, 0.4873391389846802]",neutral,0.9136611223220825
2026-05-01T17:03:39.344Z,2026-05-01T17:03:39.571Z,incredible so happy for you amd i cannot wait to get this essential release,feminaridens.bsky.social,Katie,did:plc:i2ya7opqpbwde3xh7hc72coz,1,0,1,at://did:plc:i2ya7opqpbwde3xh7hc72coz/app.bsky.feed.post/3mksmbzg56s2h,bafyreigoco2qiw4d6lgnerl2dw3o5ijx2ofri6usc5m7jhu76vqbiuohxq,0.5674774050712585,"['portfolio', 'equities']","[0.5674774050712585, 0.5567545294761658]",neutral,0.6632629632949829
2026-05-01T16:59:53.236Z,2026-05-01T16:59:57.479Z,eventually decided to put that slot 1 board into a different case to avoid these issues with the old case 1 you have to pull the plastic front off the case to get in it 2 sharp edges 3 small really loud fans 4 missing feet 5 heavy i also swapped the amd gpu for an nvidia one,lastcarbon.bsky.social,LastCarbon,did:plc:3gde5woqxvzxvamyw7wlpzsi,0,0,1,at://did:plc:3gde5woqxvzxvamyw7wlpzsi/app.bsky.feed.post/3mksm3bryis27,bafyreibi66lgwzymehiy2rr5gbo2afoz76lzuyl3osqswl6c4vjafms3py,0.5603341460227966,"['macro', 'crypto']","[0.5603341460227966, 0.5547499656677246]",neutral,0.9062638282775879
2026-05-01T16:54:09.386923Z,2026-05-01T16:54:12.273Z,asus amd radeon rx9070xt pcie 50 16gb gddr6 primerx9070xto16g amazon,papalog11.bsky.social,Papalog,did:plc:5bwhugbygkastihtd6wn6wwx,0,0,0,at://did:plc:5bwhugbygkastihtd6wn6wwx/app.bsky.feed.post/3mkslr4ejsz27,bafyreiehf3q3ue6gc64prvzdt2pkvxjhd2j4imr3zia56jkvo6elz2p2wu,0.5816637277603149,"['crypto', 'equities']","[0.5816637277603149, 0.5625254511833191]",neutral,0.9229940176010132
2026-05-01T16:53:45.803741Z,2026-05-01T16:53:48.375Z,amazon asus amd dual radeon rx 9060 xt 16gb gddr6 dualrx9060xt16g amazon,papalog11.bsky.social,Papalog,did:plc:5bwhugbygkastihtd6wn6wwx,0,0,0,at://did:plc:5bwhugbygkastihtd6wn6wwx/app.bsky.feed.post/3mkslqfqyzu2w,bafyreicditpxkyhkvun555veykooiaayol5m43u62hlw3x52mfslnk56zu,0.5709444880485535,"['forex', 'equities']","[0.5709444880485535, 0.5613237619400024]",neutral,0.9339191913604736
2026-05-01T16:50:08.389748+00:00,2026-05-01T16:50:08.577Z,ann amd ai 16 2,news0.bsky.social,にゅーす!,did:plc:gly2b6fafodv5pomn7u6fslv,0,0,1,at://did:plc:gly2b6fafodv5pomn7u6fslv/app.bsky.feed.post/3mkslju4zj72f,bafyreifdtktveh7vr5w6a66cdth62q2xqiqnm3yg2uwm6wcjr4nxzvz4d4,0.5730551481246948,"['forex', 'portfolio']","[0.5730551481246948, 0.5694355368614197]",neutral,0.9243093132972717
2026-05-01T16:49:47Z,2026-05-01T16:49:49.974Z,riot platforms shares pop as bitcoin miner reports data center revenue doubles amd deal short riot platforms total quarterly revenue reached 1672 million in q1 2026 up from 1614 million year over year total data center revenue was 332 million in the first quarter of operations while amd,zainaalean.bsky.social,,did:plc:des6akhr5rnsflxpqeysnxde,0,0,0,at://did:plc:des6akhr5rnsflxpqeysnxde/app.bsky.feed.post/3mksljbstos2a,bafyreide6gsdrw666bwwd2j2nwicysctokvociugzkgrxif4ng3jhuzucy,0.6526691913604736,"['crypto', 'equities']","[0.6526691913604736, 0.5688408017158508]",positive,0.9345567226409912
2026-05-01T16:49:39Z,2026-05-01T16:49:41.677Z,riot platforms shares pop as bitcoin miner reports data center revenue doubles amd deal short riot platforms total quarterly revenue reached 1672 million in q1 2026 up from 1614 million year over year total data center revenue was 332 million in the first quarter of operations while amd,leoppoopoo0.bsky.social,,did:plc:aedvz42vn2cyd3snzgnhfe44,0,0,0,at://did:plc:aedvz42vn2cyd3snzgnhfe44/app.bsky.feed.post/3mkslizxrky2c,bafyreig47szbzu22m2knbp7jyscnsolzurx7inphnjs4kpnjcpmeighkry,0.6526691913604736,"['crypto', 'equities']","[0.6526691913604736, 0.5688408017158508]",positive,0.9345567226409912
2026-05-01T16:47:25.642Z,2026-05-01T16:47:33.375Z,flower tent holding ballpark a lb amd a half by my estimation cannabiscommunity day 42ish,ashaman3000.bsky.social,FarmerGamerCatDadTim,did:plc:o4jffgl2be5sirl3n57srnbg,6,0,1,at://did:plc:o4jffgl2be5sirl3n57srnbg/app.bsky.feed.post/3mksleytc6s2z,bafyreiblntolzqq6fmvidaecgwllhpk2jkukpnsoat5ud34rrg2x5pq6oa,0.5599558353424072,"['equities', 'portfolio']","[0.5599558353424072, 0.5509532690048218]",neutral,0.9264319539070129
2026-05-01T16:42:27.210425Z,2026-05-01T16:42:29.975Z,amazoncojp lenovo ideapad slim 3 156 amd ryzen 5 7520u 16gb ssd512gb ms office 2024 windows11 190 162kg 82xq00wkjp pc amazon amazon amazon,papalog11.bsky.social,Papalog,did:plc:5bwhugbygkastihtd6wn6wwx,0,0,0,at://did:plc:5bwhugbygkastihtd6wn6wwx/app.bsky.feed.post/3mksl46npqm2x,bafyreickqifd6jok7jyivpzvfqi3pbpujj37vuljmrzxbh2tfnx77jd3ji,0.5780436992645264,"['equities', 'portfolio']","[0.5780436992645264, 0.5711826682090759]",neutral,0.9259843230247498
2026-05-01T16:42:02.968994Z,2026-05-01T16:42:05.773Z,amazon lenovo ideapad slim 3 140 amd ryzen 5 8640hs 16gb ssd512gb ms office windows11 126 139kg 83k90027jp pc,papalog11.bsky.social,Papalog,did:plc:5bwhugbygkastihtd6wn6wwx,0,0,0,at://did:plc:5bwhugbygkastihtd6wn6wwx/app.bsky.feed.post/3mksl3hmq4x2f,bafyreieckcyzxrpo4xputb4paitgmulvjunupm2wnk3j422kibxuuitfv4,0.575313925743103,"['equities', 'portfolio']","[0.575313925743103, 0.568140983581543]",neutral,0.9174705147743225
2026-05-01T16:39:03+00:00,2026-05-01T16:39:04.073Z,air to ground message awesome thank you copy amd 1 to rls 4 area raleigh nc usa type embraer 175 enhanced wing a aa5edbcd617 f feb99210ca2,acarsdrama.bsky.social,ACARS Drama,did:plc:h45npzawmwlb4xcqqxk6fiec,1,1,0,at://did:plc:h45npzawmwlb4xcqqxk6fiec/app.bsky.feed.post/3mkskw2bixr2v,bafyreiew7z2kf4lrwjdvurwxgmrwjwku2ifz7viy2rr4pui25g4h2g7jme,0.5730893611907959,"['derivatives', 'forex']","[0.5730893611907959, 0.5181968212127686]",neutral,0.8793440461158752
2026-05-01T16:35:29.037422Z,2026-05-01T16:35:31.976Z,asus amd dual radeon rx 9060 xt 16gb gddr6 dualrx9060xt16g amazon,papalog11.bsky.social,Papalog,did:plc:5bwhugbygkastihtd6wn6wwx,0,0,0,at://did:plc:5bwhugbygkastihtd6wn6wwx/app.bsky.feed.post/3mkskppwd5j25,bafyreieriwzcbowhkl7kbsk7gh67z3hn3hisvzuda2uqtejuk3pvujwwli,0.5768388509750366,"['forex', 'equities']","[0.5768388509750366, 0.5646467208862305]",neutral,0.9252641797065735
2026-05-01T16:34:53.931168Z,2026-05-01T16:34:56.673Z,asus amd radeon rx 9060 xt 16gb gddr6 oc primerx9060xto16g amazon amazon,papalog11.bsky.social,Papalog,did:plc:5bwhugbygkastihtd6wn6wwx,0,0,0,at://did:plc:5bwhugbygkastihtd6wn6wwx/app.bsky.feed.post/3mkskoodj5x2j,bafyreidcga3rwre2i4okses764qj2pldu6gfdyurnub7kjsse2k4sxycdq,0.5668600797653198,"['crypto', 'equities']","[0.5668600797653198, 0.5616375803947449]",neutral,0.9278239011764526
2026-05-01T16:34:23.501Z,2026-05-01T16:34:25.873Z,i spent some time in the uk recently came back with these observations there are cameras everywhere facial recognition speed cctv you name it and they will have a camera for it there are chinese cars everywhere all ev s or hybrids byd amd mg seemed the most popular,grolliffe.bsky.social,Grolliffe,did:plc:2l4msukf7kuyz4dchq4acqpd,0,0,1,at://did:plc:2l4msukf7kuyz4dchq4acqpd/app.bsky.feed.post/3mksknow2r22f,bafyreiaf3yjckpsyu3lg4guan5umwdskqn5oiedg6d7cgtcrhhrobpqyhy,0.5647169947624207,"['crypto', 'forex']","[0.5647169947624207, 0.5295215249061584]",neutral,0.935874879360199
2026-05-01T16:33:10.040Z,2026-05-01T16:33:20.172Z,cooler master hyper 212 spectrum v3 led argb 4 heatpipes processador cpu intel lga 1700 1200 1151 amd ryzen am5 am4 de r 29836 por r 19990 33 off link oferta promo o desconto,poupax.bsky.social,poupax,did:plc:xg3d64pr5svduwjieph2hz2s,0,0,0,at://did:plc:xg3d64pr5svduwjieph2hz2s/app.bsky.feed.post/3mksklrthr72e,bafyreiemry2uunqlg3ktzh2weck7qoetdtvq2da4ucvxqhykfhlk7n2h5q,0.555747389793396,"['portfolio', 'derivatives']","[0.555747389793396, 0.5547265410423279]",neutral,0.8459534645080566
2026-05-01T16:30:40.070Z,2026-05-01T16:30:42.879Z,placa de v deo gigabyte rx 9070 gaming amd radeon 16gb gddr6 rgb preto gvr9070gaming16gd por r 408888 no pix ou r 459999 em at 10x sem juros cupom megavga10 kabum br,buscatech.bsky.social,Buscatech Promoções 💸🔥,did:plc:j26m7szisa4m6cjjplqzz4hv,0,0,0,at://did:plc:j26m7szisa4m6cjjplqzz4hv/app.bsky.feed.post/3mkskh3yj4y2t,bafyreicglkykcfftkvqtz432w3etk5w5nmjkimadkwieymlg4es4jyhuku,0.5900463461875916,"['crypto', 'forex']","[0.5900463461875916, 0.5601840019226074]",neutral,0.8086509704589844
2026-05-01T16:18:01.369Z,2026-05-01T16:18:02.294Z,i think the noisy gut may take my attention amd ill just bury my face against that for the next hour or so,randomuser99.bsky.social,,did:plc:uehpqkgn3nx2yieuf732fdwo,0,0,0,at://did:plc:uehpqkgn3nx2yieuf732fdwo/app.bsky.feed.post/3mksjqgbshc2u,bafyreietchtrkrqkzjllvcbm6vdswmpjlheeoxc6ysl7scvgdoz4nckn3u,0.5619110465049744,"['equities', 'portfolio']","[0.5619110465049744, 0.5497007369995117]",neutral,0.8472017645835876
2026-05-01T16:04:37.348428Z,2026-05-01T16:04:40.272Z,asus amd dual radeon rx 9060 xt 16gb gddr6 dualrx9060xt16g amazon amazon amazon,papalog11.bsky.social,Papalog,did:plc:5bwhugbygkastihtd6wn6wwx,0,0,0,at://did:plc:5bwhugbygkastihtd6wn6wwx/app.bsky.feed.post/3mksiyjzkor2x,bafyreidzwptejlhk3fvpqvqzgfoavzqrxs3arjvebpe2kk4plca2b3xxl4,0.5746950507164001,"['forex', 'equities']","[0.5746950507164001, 0.564832866191864]",neutral,0.9306609034538269
2026-05-01T16:04:04.059472Z,2026-05-01T16:04:06.879Z,asus amd radeon rx 9060 xt 16gb gddr6 oc primerx9060xto16g amazon,papalog11.bsky.social,Papalog,did:plc:5bwhugbygkastihtd6wn6wwx,0,0,0,at://did:plc:5bwhugbygkastihtd6wn6wwx/app.bsky.feed.post/3mksixkdeki2u,bafyreie2dn3orqe7ntqhvyttkw5g3haoic6g2co52z3ax4aen7bdnifnty,0.5703621506690979,"['crypto', 'equities']","[0.5703621506690979, 0.5627704858779907]",neutral,0.9259207844734192
2026-05-01T16:02:32.461Z,2026-05-01T16:02:31.178Z,fuck joe biden endorsing the worst possible fucking candidate for georgia governor fuck off into the sunset already amd leave those of us who have to live with this shit alone,lus.is,"John ""dadpool' Vincent",did:plc:xo7usmskdaefnly3e2j63gxy,0,0,0,at://did:plc:xo7usmskdaefnly3e2j63gxy/app.bsky.feed.post/3mksiuqfqr22k,bafyreidnah66ia3l6z3ohl6h6xk4puc2iwpahegqmjzor7wlfniupc7ka4,0.5632627606391907,"['macro', 'derivatives']","[0.5632627606391907, 0.5463059544563293]",negative,0.5701719522476196
2026-05-01T16:00:48.000Z,2026-05-01T16:01:06.081Z,oh dang sounds like amd gpus might finally be getting real official hdmi 21 support in linux fuckthehdmiforum pcgaming amd radeon,mastodon.rxbrad.com,RxBrad,did:plc:4yerccwwkkstnsrrbrfiow2y,1,0,0,at://did:plc:4yerccwwkkstnsrrbrfiow2y/app.bsky.feed.post/3mksirwlyu2z2,bafyreifddxa6vgml74yzov44daft2nbpxijgioeyvmqepl5fls3h2nnvre,0.5373914241790771,"['crypto', 'forex']","[0.5373914241790771, 0.525212287902832]",neutral,0.5637545585632324
2026-05-01T16:00:10.039749+00:00,2026-05-01T16:00:10.472Z,phoronix xen 421 released with amd cppc resizable bar support linux opensource,linuxnews.net,Linux News,did:plc:esvuj6w3jqbfdbjeyfuumv5b,0,0,0,at://did:plc:esvuj6w3jqbfdbjeyfuumv5b/app.bsky.feed.post/3mksiqimqly23,bafyreicwu6d73ppe6gfahhlerfukp3ylruf2cygylvm4k5tmagsyctt7g4,0.5951109528541565,"['portfolio', 'equities']","[0.5951109528541565, 0.5686061382293701]",neutral,0.9135664105415344
2026-05-01T16:00:03+00:00,2026-05-01T16:00:10.272Z,amd and airbus back featherlessai s 20m series a to power opensource ai infrastructure tfn featherlessai a serverless inference platform founded in 2023 by eugene cheah harrison vanderbyl and wesley george has secured,eu-nl.bsky.social,,did:plc:tygmoztg7hvboeqteixmx6ky,0,0,0,at://did:plc:tygmoztg7hvboeqteixmx6ky/app.bsky.feed.post/3mksiqi47qn2m,bafyreihexxnqtvdpx5zaxszaxj7ob2xy6lrceytahvovgr36drloi6yyye,0.5896875858306885,"['crypto', 'portfolio']","[0.5896875858306885, 0.5583652257919312]",positive,0.7963175177574158
2026-05-01T15:55:02.504Z,2026-05-01T15:55:02.774Z,at one point if my life is believed it was if i didnt do a little more research my ex wouldve been good amd drugged,macieeg.bsky.social,318 BABY 🔥💚,did:plc:k2mwzmndkmjso4kvbqa2puyv,0,0,0,at://did:plc:k2mwzmndkmjso4kvbqa2puyv/app.bsky.feed.post/3mksihdc5ms2i,bafyreiaqtbwsldmmnynzfk6sj32dcukjsgoswgzj37yzq6k7zuxtvcey6e,0.5451168417930603,"['crypto', 'derivatives']","[0.5451168417930603, 0.5317938923835754]",neutral,0.9009708762168884
2026-05-01T15:50:31.797796Z,2026-05-01T15:50:34.677Z,asus amd radeon rx 9060 xt 16gb gddr6 oc primerx9060xto16g amazon,papalog11.bsky.social,Papalog,did:plc:5bwhugbygkastihtd6wn6wwx,0,0,0,at://did:plc:5bwhugbygkastihtd6wn6wwx/app.bsky.feed.post/3mksi7dqxz326,bafyreiaioqq3atqcw2ah6je2howflk63szqvlt2l37zq34gu3ckugcau2a,0.5703621506690979,"['crypto', 'equities']","[0.5703621506690979, 0.5627704858779907]",neutral,0.9259207844734192
2026-05-01T15:50:29.896Z,2026-05-01T15:50:31.973Z,amd is such a solid switch especially for vrchat and heavy graphics honestly im in the market for a new pc too and if you dont mind then can we hop in dm i would love your opinion before i make any decisions 3,elizabethgotmagic.bsky.social,Elizabeth,did:plc:4pvdgizptqfd5u3xg376nph5,0,0,0,at://did:plc:4pvdgizptqfd5u3xg376nph5/app.bsky.feed.post/3mksi77csus2q,bafyreieh2cs6iy6tnmoymvb3oonf4em6vcgnf7drjqytdhh23nfcgzk624,0.5964689254760742,"['crypto', 'equities']","[0.5964689254760742, 0.580527126789093]",neutral,0.7188029885292053
2026-05-01T15:49:54.710357Z,2026-05-01T15:49:57.379Z,asus amd dual radeon rx 9060 xt 16gb gddr6 dualrx9060xt16g,papalog11.bsky.social,Papalog,did:plc:5bwhugbygkastihtd6wn6wwx,0,0,0,at://did:plc:5bwhugbygkastihtd6wn6wwx/app.bsky.feed.post/3mksi6a63fd25,bafyreiajl5shbbawy2corckxm3edh64dl742y6tw2mdpwtx6tqjtdseldi,0.5827394723892212,"['forex', 'equities']","[0.5827394723892212, 0.5610151290893555]",neutral,0.9236037731170654
2026-05-01T15:45:43.990Z,2026-05-01T15:45:45.775Z,placa de v deo asus prime rx 9070 xt o16g amd radeon 16gb gddr6 axialtech opengl 46 90yv0l71m0na00 por r 467646 no pix ou r 561167 em at 10x sem juros cupom megavga10 kabum br,buscatech.bsky.social,Buscatech Promoções 💸🔥,did:plc:j26m7szisa4m6cjjplqzz4hv,0,0,0,at://did:plc:j26m7szisa4m6cjjplqzz4hv/app.bsky.feed.post/3mkshwq5w3n25,bafyreifakftvxlrw7jgreffvkt732upan6j2culrvsyffnkad4zdxd2ulu,0.5847529172897339,"['crypto', 'forex']","[0.5847529172897339, 0.5588288307189941]",neutral,0.6779163479804993
2026-05-01T15:45:09.540Z,2026-05-01T15:45:13.373Z,youtube5rxstcb7kq4 seeking all squirrels 1700 bst kickcombaconsarnie amd ryzen9 9950x3d nvidia asus rogstrix rtx4090oc msicarbon gamer youtube livestream arcraiders arc helldivers2 libertea vein zombies nomanssky,the-bacon-sarnie.bsky.social,Bacon Sarnie,did:plc:ep2wc6ieudkt7tydd27ysmlk,0,0,0,at://did:plc:ep2wc6ieudkt7tydd27ysmlk/app.bsky.feed.post/3mkshvnse722r,bafyreihiu7b3mvi2em56ip33onwbbyicomcc4s3jpwn2glpwpszt4m7oqy,0.572300910949707,"['equities', 'crypto']","[0.572300910949707, 0.5643625855445862]",neutral,0.914315402507782
2026-05-01T15:45:07.355856+00:00,2026-05-01T15:45:08.472Z,phoronix amd threadripper 7980x performance on linux two years after release linux opensource,linuxnews.net,Linux News,did:plc:esvuj6w3jqbfdbjeyfuumv5b,0,0,0,at://did:plc:esvuj6w3jqbfdbjeyfuumv5b/app.bsky.feed.post/3mkshvlr2fb22,bafyreif7xjawvjj7mvepd74huzaomxhzd7wvksehk22palkje3uhgr5ggi,0.5745648741722107,"['portfolio', 'equities']","[0.5745648741722107, 0.5590568780899048]",neutral,0.7773325443267822
2026-05-01T15:43:16.836Z,2026-05-01T15:43:17.975Z,this framework laptop 13 with amd ryzen 7040 is seriously cool its like lego for adults but for highperformance computing you pick every part and when something breaks or a new tech comes out you just swap it mind blown tech gadgets,surfaced-x.bsky.social,Surfaced,did:plc:jcrhhwkq3pv2nbtqnas7toqg,0,0,0,at://did:plc:jcrhhwkq3pv2nbtqnas7toqg/app.bsky.feed.post/3mkshscvvqm2l,bafyreibqzvb5qawh5ubgvdmhhnhpmwflpmvia3addhgavxfpwypavxtn2i,0.5450927019119263,"['macro', 'portfolio']","[0.5450927019119263, 0.5414562225341797]",neutral,0.9204837679862976
2026-05-01T15:40:04.536276817Z,2026-05-01T15:40:05.271Z,latest riot platforms posted 332 million in data center revenue in q1 2026 as amd doubled its contracted capacity to 50 mw,coinmarketcap.bsky.social,CoinMarketCap,did:plc:7nmhgircluasicsjbgt7xv7a,0,0,0,at://did:plc:7nmhgircluasicsjbgt7xv7a/app.bsky.feed.post/3mkshmkzk3v24,bafyreiggjh5zyelueatqhtyep33urlngb4skbl4xal6jrx2uomaxi6ssdm,0.5870327353477478,"['crypto', 'portfolio']","[0.5870327353477478, 0.5639206171035767]",positive,0.9348902106285095
2026-05-01T15:38:42.707Z,2026-05-01T15:38:44.582Z,nice summary of mtb surveillance in the united states and detectionresponse to large outbreaks the us sees almost 10k domestic cases each year and a number of large outbreaks or clusters amd platform is the bioinformatic engine that drives this genomic surveillance,drm.bsky.social,Duncan MacCannell,did:plc:5mjhwuqbget3yv2d2jwszivk,9,6,0,at://did:plc:5mjhwuqbget3yv2d2jwszivk/app.bsky.feed.post/3mkshk4v5ls2z,bafyreig6d7w6er3bdhfd4fv66v4l2x3mcwp2xwm5u4w272can7egxcqjlu,0.5926058292388916,"['crypto', 'forex']","[0.5926058292388916, 0.5509916543960571]",neutral,0.9324044585227966
2026-05-01T15:36:37.352Z,2026-05-01T15:37:37.078Z,quero jogar essa placa de v deo fora e comprar uma da amd,handle.invalid,estatística de inadimplência,did:plc:tl6nd2oggkel4lmxie5sp4i3,0,0,0,at://did:plc:tl6nd2oggkel4lmxie5sp4i3/app.bsky.feed.post/3mkshgfdlms2r,bafyreigdbhwvfsnexfehc7tphq75k7eelocwnbcplpdujo3mnffavl54iq,0.5339988470077515,"['derivatives', 'forex']","[0.5339988470077515, 0.5316702127456665]",neutral,0.723049521446228
2026-05-01T15:36:02.600Z,2026-05-01T15:36:06.085Z,two days twentytwo hours amd twentyfive minutes,haurchehaunt.bsky.social,gaslight gatekeep girldad,did:plc:abafzszn3qyqzbjyuuuijrja,0,0,1,at://did:plc:abafzszn3qyqzbjyuuuijrja/app.bsky.feed.post/3mkshfe724s2r,bafyreibbzs2yptu25g5ryldarpvtpdozpm3kusmqwynsqgyefocrwov3ou,0.5840177536010742,"['forex', 'equities']","[0.5840177536010742, 0.5514255166053772]",neutral,0.9120625853538513
2026-05-01T15:35:03.734Z,2026-05-01T15:35:06.280Z,they kinda did what the letter writer is proposing now all consoles are either amd x86 based or arm based and wineproton is starting to blur the edges between the two a lot of x86 windows games run really well on newer phone chipsets,ah1980.bsky.social,HOA Scumbag,did:plc:ujcbgaimzjv7en433ytflmzp,1,0,0,at://did:plc:ujcbgaimzjv7en433ytflmzp/app.bsky.feed.post/3mkshdm2mrk2l,bafyreiaekdvkmecvlrmm4bnde6w2xlekspvnidn63p6stten5qyqs56jzm,0.5624443888664246,"['equities', 'portfolio']","[0.5624443888664246, 0.5336088538169861]",neutral,0.8412830233573914
2026-05-01T15:34:05+00:00,2026-05-01T15:34:05.576Z,amd will launch its compact halo box ai minipc in june featuring the ryzen ai max 395 chip and 128gb ram,tweaktown.com,TweakTown,did:plc:v2kpdz3mn4aohthc7cwiswfp,0,0,0,at://did:plc:v2kpdz3mn4aohthc7cwiswfp/app.bsky.feed.post/3mkshbu6alq25,bafyreib7oyaha42x5cqhiiht4vasjbqozz4ugfktmvstgggyr6og6opqyq,0.587419331073761,"['macro', 'equities']","[0.587419331073761, 0.5856840014457703]",neutral,0.8692681193351746
2026-05-01T15:33:38.783043Z,2026-05-01T15:33:40.273Z,amd advanced micro devices inc nasdaq ath alert amd hit new high 35819 prev 35079,trendalertstox.bsky.social,Trend Alert | Stocks,did:plc:2etirfyqqgrsbe7nibl4eyx3,0,0,0,at://did:plc:2etirfyqqgrsbe7nibl4eyx3/app.bsky.feed.post/3mkshb3mgs52a,bafyreiafe5hwdcmxk3dpy5dgg3446atkdjkr4xq3llozt7vmnjc5n2a7mq,0.5716025829315186,"['equities', 'portfolio']","[0.5716025829315186, 0.5658442974090576]",positive,0.53165602684021
2026-05-01T15:33:01.027Z,2026-05-01T15:33:03.571Z,amd ryzen ai halo box with ryzen ai max 395 reportedly coming in june price still unknown,videocardz.com,VideoCardz.com,did:plc:g7u7ysgeus2zxqzkccep6m4u,1,0,0,at://did:plc:g7u7ysgeus2zxqzkccep6m4u/app.bsky.feed.post/3mksh7yiwjv22,bafyreif2l26wyxhmfnp6fbrtvzr2aam7ij6quamocuepwvve4lmhby4zsi,0.6007906198501587,"['derivatives', 'macro']","[0.6007906198501587, 0.5720539689064026]",neutral,0.9142191410064697
2026-05-01T15:32:06.146Z,2026-05-01T15:32:06.371Z,i wasnt even talk specifically about sean ross sapp this has been a problem with wrestling fans for a loooong time any halfway interesting story hits the internet the wrestling business circles the wagons amd calls out the fake news dietsheets and wrestling fans play human shield,deltajulietmike.bsky.social,David M. 🌷🍉✌🏾,did:plc:xbitfpvrviceyi6skethp2uq,1,0,0,at://did:plc:xbitfpvrviceyi6skethp2uq/app.bsky.feed.post/3mksh6cp2yk2x,bafyreigflgs4g3v55n5hoosyjezyfh54moobnpdxxacn5tmraepsaiqd7i,0.54781174659729,"['crypto', 'derivatives']","[0.54781174659729, 0.5362793803215027]",neutral,0.7401730418205261
2026-05-01T15:31:28.093359Z,2026-05-01T15:31:30.876Z,asus amd dual radeon rx 9060 xt 16gb gddr6 dualrx9060xt16g amazon amazon,papalog11.bsky.social,Papalog,did:plc:5bwhugbygkastihtd6wn6wwx,0,0,0,at://did:plc:5bwhugbygkastihtd6wn6wwx/app.bsky.feed.post/3mksh5avewz2f,bafyreigvl66zs72oimatr3gq3c2mjlgh6xfmg4ht6q2qthkyj4yzl5ggoq,0.5766600966453552,"['forex', 'equities']","[0.5766600966453552, 0.5649279952049255]",neutral,0.9308838844299316
2026-05-01T15:30:07.677055+00:00,2026-05-01T15:30:07.973Z,phoronix amd begins posting opensource linux patches for their nextgen gpu ip linux linuxkernel,linuxnews.net,Linux News,did:plc:esvuj6w3jqbfdbjeyfuumv5b,0,0,0,at://did:plc:esvuj6w3jqbfdbjeyfuumv5b/app.bsky.feed.post/3mksh2rqyct2x,bafyreic6glmivhwhhyghk4faytx6nzajclvkjubghxpqjtbc6jh57gevw4,0.5465061068534851,"['equities', 'portfolio']","[0.5465061068534851, 0.5456737279891968]",neutral,0.849263072013855
2026-05-01T15:28:59.000Z,2026-05-01T16:03:34.579Z,amd ryzen ai halo minipc to arrive in june amd previewed its ryzen ai halo minipc during the ces 2026 showcase and the machine is set to be released as soon as june arrives according to a reddi origin interest match,ubuntu.activitypub.awakari.com.ap.brid.gy,Ubuntu,did:plc:7lz3mzq6xsddurxn2o7bqu5v,0,0,0,at://did:plc:7lz3mzq6xsddurxn2o7bqu5v/app.bsky.feed.post/3mksiwjk4pso2,bafyreig6x5m5lob7vypff3pfmetg7eyooo6bdthz2fyhuewgz4uaoh25he,0.5811736583709717,"['equities', 'portfolio']","[0.5811736583709717, 0.5783021450042725]",neutral,0.9039401412010193
2026-05-01T15:25:37.339864Z,2026-05-01T15:25:39.882Z,gmktec pc amd ryzen 5 pro 6650h ryzen 7 5825u ddr5 16gb m2 2280 512gb 16tb 45ghz win11 pro usb40 oculink 25g lan 3 8k hdmi 20dptypec usb32 3 m8 pc new,papalog11.bsky.social,Papalog,did:plc:5bwhugbygkastihtd6wn6wwx,0,0,0,at://did:plc:5bwhugbygkastihtd6wn6wwx/app.bsky.feed.post/3mksgss5kav2x,bafyreia2o4ozvbsaymrcfr42ptnwmfgyzcc4fqricp5vjbrw7zquubdxr4,0.5503502488136292,"['forex', 'equities']","[0.5503502488136292, 0.5356636643409729]",neutral,0.8964073061943054
2026-05-01T15:25:12.463339Z,2026-05-01T15:25:15.775Z,amazon gmktec pc amd ryzen 7 pro 6850u 64gb ddr5 16tb ssd oculink usb40 2 hdmi21 8k 4 win11 pro 25g lan 2 wifi6 pc pc m7 ultra pc 32gb1tb amazon,papalog11.bsky.social,Papalog,did:plc:5bwhugbygkastihtd6wn6wwx,0,0,0,at://did:plc:5bwhugbygkastihtd6wn6wwx/app.bsky.feed.post/3mksgs2vxfd2e,bafyreig5hl6zlzd4yduoo34vpldips3yc2krtfw6y6atcie2vkqfr6syl4,0.5546414852142334,"['crypto', 'forex']","[0.5546414852142334, 0.5454630255699158]",neutral,0.893211841583252
2026-05-01T15:21:38.855652Z,2026-05-01T15:21:41.673Z,asus amd dual radeon rx 9060 xt 16gb gddr6 dualrx9060xt16g amazon,papalog11.bsky.social,Papalog,did:plc:5bwhugbygkastihtd6wn6wwx,0,0,0,at://did:plc:5bwhugbygkastihtd6wn6wwx/app.bsky.feed.post/3mksglp24kk2y,bafyreifv6kald5dvtnofxv2fkccrh5hg5hra4eyb74btx45nqqjiqmtafu,0.5768388509750366,"['forex', 'equities']","[0.5768388509750366, 0.5646467208862305]",neutral,0.9252641797065735
2026-05-01T15:20:58.925805Z,2026-05-01T15:21:02.771Z,asus amd radeon rx9070xt pcie 50 16gb gddr6 primerx9070xto16g,papalog11.bsky.social,Papalog,did:plc:5bwhugbygkastihtd6wn6wwx,0,0,0,at://did:plc:5bwhugbygkastihtd6wn6wwx/app.bsky.feed.post/3mksgkj4amt2j,bafyreifkhemcf5rgiaq6lwhgrb4c2d3ljfotpgtrpxoa7rzby3przrhn5m,0.5735571384429932,"['crypto', 'forex']","[0.5735571384429932, 0.5633996725082397]",neutral,0.9265942573547363
2026-05-01T15:13:16.530Z,2026-05-01T15:13:24.976Z,yesterday i played against this lovely proxy card mtgcommander mtgproxy,konrad42.bsky.social,Konrad,did:plc:5gn5h3lrqxi6dppq36si4daw,1,0,1,at://did:plc:5gn5h3lrqxi6dppq36si4daw/app.bsky.feed.post/3mksg4ngc3k23,bafyreientgaoxactfo5vsqp3cd567ha57zy4r32rr2h6hnjln7mv3jf6pu,0.5823075771331787,"['crypto', 'equities']","[0.5823075771331787, 0.5558587908744812]",neutral,0.9187725186347961
2026-05-01T15:10:58.555Z,2026-05-01T15:10:57.474Z,reviewers and tech enthusiasts wah wah why no dual vcache cpu amd itll be bad and expensive review and tech wahhhh amd gives it to yall review and tech wahhhh its bad and expensive like fuck amd but also fuck yall bunch of fucking hypocrites,mizokaya.stream,Mizore ‘getting into ffxiv’ Nakaya 🏳️‍⚧️,did:plc:ltpzjwgfgctqjqdb7udl5qn3,0,0,0,at://did:plc:ltpzjwgfgctqjqdb7udl5qn3/app.bsky.feed.post/3mksfyjta6k25,bafyreiagyuc7ukejxztppvjttjzfljslt5sa6yhprpcnqacqrauregplpe,0.5852753520011902,"['equities', 'portfolio']","[0.5852753520011902, 0.5573420524597168]",neutral,0.5295771360397339
2026-05-01T15:10:24Z,2026-05-01T15:10:26.275Z,asus vivobook go 14 e1404faeb1226ws 2026 laptop launched in india specs amd ryzen 5 40 16gb lpddr5 512gb ssd 14 fhd product package amazon india launch price rs 79990 asus vivobook go 14 e1404faeb1226ws specs amd ryzen 5 40 16gb lpddr5 512gb m2 nvme pcie 30 ssd,techstoriesindia.bsky.social,Tech Stories India,did:plc:d4x4rx24yxjgo2oteqz4rekp,0,0,0,at://did:plc:d4x4rx24yxjgo2oteqz4rekp/app.bsky.feed.post/3mksfxkrcjg2b,bafyreihsbqfpf5zm4ehxp7p6d76lq4mfdcmbs5ln5gddvrpswie72hboni,0.5622608661651611,"['portfolio', 'derivatives']","[0.5622608661651611, 0.5554143786430359]",neutral,0.9242755174636841
2026-05-01T15:08:47.507Z,2026-05-01T15:08:48.378Z,newegg 619999 xidax x6 onami black gaming pc amd ryzen 7 9800x3d up to 52 ghz nvidia geforce rtx 5090 32g 64gb ddr5 6000mhz rgb 2tb m2 nvme genuine windo clicklinksynergycomdeeplinkid free pragmata game bundle w purchase limited offer 100815 ad,techdropsdeals.bsky.social,Tech Drops & Deals - New releases and discounts,did:plc:vgedsvqgcugl352mzry3qfa2,0,0,0,at://did:plc:vgedsvqgcugl352mzry3qfa2/app.bsky.feed.post/3mksfumtzl226,bafyreib7j5476w5s2j32jxsl4dqk5wr33vplugyvnepet7xdsfbdrgleju,0.6040735244750977,"['crypto', 'derivatives']","[0.6040735244750977, 0.5589104294776917]",neutral,0.889697790145874
2026-05-01T15:07:11.043Z,2026-05-01T15:07:10.273Z,bskysocial article today among other things compares various accelerators nothing touches amd mi450 for this upcoming generation you can see amazon trainium totally sucks amzn is going to underperform because it is pushing this substandard solution amd amzn nvda,enertuition.bsky.social,Enertuition,did:plc:wf5focguwzxelz4yad27faig,1,0,0,at://did:plc:wf5focguwzxelz4yad27faig/app.bsky.feed.post/3mksfrqu5hs2h,bafyreihf7aniestp2mcoww27b5tvhiqt3ltwkdqlr4j4mabwuzyowjetxq,0.590465247631073,"['equities', 'portfolio']","[0.590465247631073, 0.5857257843017578]",negative,0.734799861907959
2026-05-01T15:05:59Z,2026-05-01T15:06:01.575Z,asus vivobook go 14 e1404faeb1414ws 2026 laptop launched in india specs amd ryzen 3 30 8gb lpddr5 512gb ssd 14 fhd product package amazon india launch price rs 46990 asus vivobook go 14 e1404faeb1414ws specs amd ryzen 3 30 8gb lpddr5 512gb m2 nvme pcie 30 ssd,techstoriesindia.bsky.social,Tech Stories India,did:plc:d4x4rx24yxjgo2oteqz4rekp,0,0,0,at://did:plc:d4x4rx24yxjgo2oteqz4rekp/app.bsky.feed.post/3mksfpnmpny2a,bafyreig4nmw2lfvr35so4agvhd3osnejv6gbhpaeyqjiy5elbsyzrs4wgy,0.5620287656784058,"['portfolio', 'macro']","[0.5620287656784058, 0.5557956099510193]",neutral,0.9262288212776184
2026-05-01T15:01:24.953905Z,2026-05-01T15:01:25.879Z,gcc 161 ya est aqu c20 por defecto reflection de c26 y soporte para amd zen 6,lu1tr0n.bsky.social,,did:plc:nwlwfva3uhozjouosdwonpji,0,0,0,at://did:plc:nwlwfva3uhozjouosdwonpji/app.bsky.feed.post/3mksfhhmymz2x,bafyreibq6fqjla7yf5mtmjcxo23szbvbgfswpeaoc74inhnieor75tlyxy,0.5600665807723999,"['forex', 'macro']","[0.5600665807723999, 0.550337553024292]",neutral,0.5205926299095154
2026-05-01T14:57:19.923Z,2026-05-01T14:57:20.872Z,amd posts hdmi 21 frl patches for their amdgpu linux driver,phoronix-poster.bsky.social,Phoronix,did:plc:6ag43zzgvz3wqxp4amnym5pg,5,1,0,at://did:plc:6ag43zzgvz3wqxp4amnym5pg/app.bsky.feed.post/3mksfa5jqum2o,bafyreibxg5i5il43sgfp7sm5kxdyrfg45zuf2ubdlcevmvk22zn63nprfa,0.5522178411483765,"['forex', 'derivatives']","[0.5522178411483765, 0.541408360004425]",neutral,0.5165613293647766
2026-05-01T14:53:08.070386Z,2026-05-01T14:53:08.372Z,phoronix amd posts hdmi 21 frl patches for their amdgpu linux driver linux opensource tech,kiltedtux.bsky.social,,did:plc:kgxvwblqghmpq6imraaxnmic,1,0,0,at://did:plc:kgxvwblqghmpq6imraaxnmic/app.bsky.feed.post/3mkseyn345h2q,bafyreigutqflui7jbqfx5m4iop3uan2z62qlpe5k4zmfqgfgald3js5meu,0.5501331090927124,"['portfolio', 'forex']","[0.5501331090927124, 0.539197564125061]",neutral,0.7156944870948792
2026-05-01T14:52:36Z,2026-05-01T14:52:38.277Z,amd ryzen 7 7800x3d cpu 35432 us25143 delivered with paypal pay in 4 szcpu store aliexpress,ozbargain-com-au.bsky.social,OzBargain,did:plc:6w3kjcciwqifbfcyqnrddoda,0,0,0,at://did:plc:6w3kjcciwqifbfcyqnrddoda/app.bsky.feed.post/3mksexphwc72z,bafyreightfn5jdpol33yo5yh7j6ksqggp54iuywteewbevpox4ifzsl6ka,0.5711472630500793,"['forex', 'crypto']","[0.5711472630500793, 0.5680707693099976]",neutral,0.8865190148353577
2026-05-01T14:52:10.347Z,2026-05-01T14:52:11.779Z,im wanting to build my gaming pc but i think ill wait until jackass is gone and nvidia and amd get fined out the ass for this bullshit they having their fun because of trump and i hope that changes soon,blksonic.bsky.social,Blacksonic,did:plc:az4z2y4l6d25hbz4pcoksct6,1,0,1,at://did:plc:az4z2y4l6d25hbz4pcoksct6/app.bsky.feed.post/3mksewvv3js2l,bafyreiglbywfuhftt6n6dfecyfhrwp4yi6wiuryhk7niq43qyutixfe4qi,0.5942484140396118,"['crypto', 'equities']","[0.5942484140396118, 0.550211489200592]",neutral,0.8778403997421265
2026-05-01T14:47:09.562Z,2026-05-01T14:47:19.179Z,pretty baby noodle,wienerweasel.bsky.social,Goblin Wife 🪱,did:plc:2j2ejtmurgj25iacih2o3wdj,6,1,1,at://did:plc:2j2ejtmurgj25iacih2o3wdj/app.bsky.feed.post/3mksenx23yk2m,bafyreicaeqzfqdpacfeg744qyevivm4jwhd3ktqg32rrrlijm7rdzqv4ri,0.5411027669906616,"['portfolio', 'crypto']","[0.5411027669906616, 0.524372398853302]",neutral,0.7866125106811523
2026-05-01T14:42:57.161Z,2026-05-01T14:42:57.774Z,hp omnibook 3 ryzen 5 16 2k touchscreen laptop for 450 free shipping for 450 at best buy best buy current crawl shows the 16gb256gb hp omnibook 3 row best fi,bytesizeddeals.bsky.social,Byte Sized Deals,did:plc:lvqy2nlcdk74bfyu4od6lmtv,0,0,0,at://did:plc:lvqy2nlcdk74bfyu4od6lmtv/app.bsky.feed.post/3mkseggk7ts2x,bafyreifxyseqv4ekfapjwdt4wclph25unpfzcyptffdoi3d35p52vdir44,0.5637375116348267,"['portfolio', 'equities']","[0.5637375116348267, 0.5576913952827454]",neutral,0.927179753780365
2026-05-01T14:38:30.155Z,2026-05-01T14:38:32.974Z,nvda weakness vs intc amd smh off last week high good res spot for sector,julianthelemur.bsky.social,Julianthelemur,did:plc:giy5efgcxxghywvrif5tlco5,0,0,0,at://did:plc:giy5efgcxxghywvrif5tlco5/app.bsky.feed.post/3mkse6hotr32c,bafyreievrfwmiycd26vxj7ba6o3dulkjocxffvulq2x6kjswq2jhejpvzi,0.6015780568122864,"['portfolio', 'equities']","[0.6015780568122864, 0.5927852392196655]",positive,0.5337138175964355
2026-05-01T14:30:07.465367+00:00,2026-05-01T14:30:07.881Z,phoronix amd continues working on xen gpu virtualization features the best is yet to come linux opensource,linuxnews.net,Linux News,did:plc:esvuj6w3jqbfdbjeyfuumv5b,0,0,0,at://did:plc:esvuj6w3jqbfdbjeyfuumv5b/app.bsky.feed.post/3mksdpid2co2t,bafyreig36qai5lz3cjwvznky3hl44bv3vxc5gb4fm7keb7jlnw4hif4kcm,0.5792651176452637,"['crypto', 'equities']","[0.5792651176452637, 0.5612326860427856]",neutral,0.5628798604011536
2026-05-01T14:28:24.434Z,2026-05-01T14:28:24.974Z,powercolor twin fan rx 7800 xt 16gb is 43999 at woot 257 below its amazon 90day average strong graphics card buy for pc builders upgrading an older gpu best fit someone who wants 16gb of vram below current amazon,bytesizeddeals.bsky.social,Byte Sized Deals,did:plc:lvqy2nlcdk74bfyu4od6lmtv,0,0,0,at://did:plc:lvqy2nlcdk74bfyu4od6lmtv/app.bsky.feed.post/3mksdmg6ed52s,bafyreibjxbspks23bq3vrjxqh45ui5qybw3mreqegalvphpssplzlldz6a,0.5781499743461609,"['macro', 'crypto']","[0.5781499743461609, 0.5697720050811768]",neutral,0.5616869330406189
2026-05-01T14:27:57.718Z,2026-05-01T14:28:00.272Z,62 digimon tamers anime 20012002 whoever let the conspiracy theory nutjob work on a toyetic kids anime was onto something while some of the side cast is weak tamers is such a well realized form of that early 2000s digital paranoia contrasted against the hopes amd dreams of these kids,fe-fi-fo.bsky.social,fo,did:plc:5x475dvqozpw6zd3boxyrngb,0,0,1,at://did:plc:5x475dvqozpw6zd3boxyrngb/app.bsky.feed.post/3mksdlmnl2s2o,bafyreiaboknk5pci2p6ja7o2yvgsb7bl5gk5cemr5lgs7dlnz7gqmp5mze,0.5750235915184021,"['crypto', 'forex']","[0.5750235915184021, 0.549293577671051]",neutral,0.8502848744392395
2026-05-01T14:27:39.610Z,2026-05-01T14:27:39.378Z,i mean the entire concept is a rejection of every tool in existence because tools are by definition devices to eliminate enhance amd otherwise displace human effort work displacement isnt a side effect of technology its the primary point,malaudhdroit.bsky.social,malAuDHDroit,did:plc:nvbcagopvjz7fx4ac2g4ir2f,0,0,1,at://did:plc:nvbcagopvjz7fx4ac2g4ir2f/app.bsky.feed.post/3mksdl3bqwk2n,bafyreibud5nkayd37iknunoy3ebcttqwx2bkb5rmqwfncmwqvjqghloq3y,0.5571415424346924,"['crypto', 'derivatives']","[0.5571415424346924, 0.5151744484901428]",negative,0.49494004249572754
2026-05-01T14:27:11.975Z,2026-05-01T14:27:13.071Z,amazon 529999 zotac mek gaming pc desktop nvidia geforce rtx 5090 32gb gddr7 amd ryzen 7 9800x3d up to 52ghz 32gb ddr5 2tb nvme m2 ss ramzlinktobtnreforg 142639 ad,techdropsdeals.bsky.social,Tech Drops & Deals - New releases and discounts,did:plc:vgedsvqgcugl352mzry3qfa2,0,0,0,at://did:plc:vgedsvqgcugl352mzry3qfa2/app.bsky.feed.post/3mksdkawgm22e,bafyreiczbsqt65uf2l45xuqorrtvwdbdshog446xvbysopzlk72nakn3mu,0.6161988377571106,"['crypto', 'portfolio']","[0.6161988377571106, 0.5908587574958801]",neutral,0.841139554977417
2026-05-01T14:22:35.154Z,2026-05-01T14:22:35.872Z,crucial pro ram ddr5 32gb 2x16gb 6400mhz cl38 overclocking gaming intel xmp 30 amd expo pc memoria negro cp2k16g64c38u5b baja de 53999 a 37376 ahorro 16623 31,lobocompras.bsky.social,LoboCompras & Coñas Inc.,did:plc:zxbclrdegu36ivu6o2rjx52c,0,0,0,at://did:plc:zxbclrdegu36ivu6o2rjx52c/app.bsky.feed.post/3mksdbz5oer2x,bafyreiehmylebbnoazyad2ht2slf2hdhxo7fwade4txrb6fzyhzs6h23oi,0.5752086043357849,"['portfolio', 'equities']","[0.5752086043357849, 0.5692775249481201]",neutral,0.8822168111801147
2026-05-01T14:21:27.228844Z,2026-05-01T14:21:30.075Z,asus amd radeon rx 9060 xt 16gb gddr6 oc primerx9060xto16g amazon,papalog11.bsky.social,Papalog,did:plc:5bwhugbygkastihtd6wn6wwx,0,0,0,at://did:plc:5bwhugbygkastihtd6wn6wwx/app.bsky.feed.post/3mksda2ruq42l,bafyreigrsxd4kohmtmzqkhz5s2iu7lzd5lzzg2sku42avkpvehshpef3aq,0.5703621506690979,"['crypto', 'equities']","[0.5703621506690979, 0.5627704858779907]",neutral,0.9259207844734192
2026-05-01T14:20:39.850499Z,2026-05-01T14:20:43.278Z,amazon asus amd dual radeon rx 9060 xt 16gb gddr6 dualrx9060xt16g,papalog11.bsky.social,Papalog,did:plc:5bwhugbygkastihtd6wn6wwx,0,0,0,at://did:plc:5bwhugbygkastihtd6wn6wwx/app.bsky.feed.post/3mksd6o45qz2p,bafyreic6vzlcf7h6jhja2jjk2qdvikak4x32qehwv6xt36smg72qcfscda,0.573637843132019,"['forex', 'equities']","[0.573637843132019, 0.5606511831283569]",neutral,0.9289221167564392
2026-05-01T14:19:16.381Z,2026-05-01T14:19:32.078Z,listen im a genius with high intuition i feel good and safe in5 my second floor bathroom im very sensitive to the uv index it makes me itchy amd sore the sun is being blocked by amazon uv film in a bare window it shines directly through it climateeducator,danipavlosky.bsky.social,Terra Branford,did:plc:pv7m3qiil4hkyd6tumxhrqll,0,0,0,at://did:plc:pv7m3qiil4hkyd6tumxhrqll/app.bsky.feed.post/3mksd43faq22d,bafyreieyk7e76aabsqorfriexzty6g7pwmjhr6biy74epfzql4vxo6qhh4,0.5258580446243286,"['forex', 'portfolio']","[0.5258580446243286, 0.5130661725997925]",neutral,0.9167062044143677
2026-05-01T14:08:40+00:00,2026-05-01T14:08:41.172Z,processador amd ryzen 7 7700x amazon por r 1399 anuncio tmeofertandopromocoes,ofertandopromocoes.bsky.social,Ofertando Promoções,did:plc:dnaftni3vvx2jgzeoufmniml,0,0,0,at://did:plc:dnaftni3vvx2jgzeoufmniml/app.bsky.feed.post/3mkscj4wew52b,bafyreibsalm7nabgwrlmcgbgtvtvzt77qcdaubbzl2g6a5y34rbukcv67m,0.5512934327125549,"['macro', 'forex']","[0.5512934327125549, 0.5397246479988098]",neutral,0.8878620862960815
2026-05-01T14:08:39+00:00,2026-05-01T14:08:40.379Z,processador amd ryzen 7 7700x amazon r 1399 anuncio tmepromosluah,cuponsluah.bsky.social,Cupons Luah 🌙✨,did:plc:2kaxhtjgbwok76m4j2r747wf,0,0,0,at://did:plc:2kaxhtjgbwok76m4j2r747wf/app.bsky.feed.post/3mkscj4h2nl24,bafyreifw4jxbwvxiu3nxocakwjbm3zpsxf7wy6s4an6fgjdxqz4khnop6y,0.5462765693664551,"['macro', 'crypto']","[0.5462765693664551, 0.5402939319610596]",neutral,0.9197695255279541
2026-05-01T14:07:45.681Z,2026-05-01T14:07:45.573Z,everything that isnt made by nintendo is just an amd apu maybe it would make sense to switch to arm at some point maybe amd could even still make the soc who knows,tertu.bsky.social,tertu marybig,did:plc:bhhliamf2ldjqyikd2kyvq7p,1,0,1,at://did:plc:bhhliamf2ldjqyikd2kyvq7p/app.bsky.feed.post/3mkschinxmk2a,bafyreib4etbxx24xvtetp26k4lnq7yxzxdumzzmphejv75qcjcsi25ijwu,0.549659013748169,"['crypto', 'equities']","[0.549659013748169, 0.5450571179389954]",neutral,0.8895883560180664
2026-05-01T14:05:40.241Z,2026-05-01T14:05:41.875Z,and lets not forget about amd releasing the 9950x3d2 is not an upgrade and was useless to be madethey only made it to milk even more ppl with a price tag close to 1000,blksonic.bsky.social,Blacksonic,did:plc:az4z2y4l6d25hbz4pcoksct6,0,0,1,at://did:plc:az4z2y4l6d25hbz4pcoksct6/app.bsky.feed.post/3mkscdqzro22a,bafyreiav2pil2y5b5jjzpben7np66b3tebpcsfwj73o2risp5cq7txniim,0.564238429069519,"['crypto', 'equities']","[0.564238429069519, 0.5477648377418518]",neutral,0.7947225570678711
2026-05-01T14:00:59+00:00,2026-05-01T14:00:59.972Z,monitor dell gaming 27 full hd 240hz ips 05ms amd freesync premium t v 3 estrel amazon por r 1034 anuncio tmeofertandopromocoes,ofertandopromocoes.bsky.social,Ofertando Promoções,did:plc:dnaftni3vvx2jgzeoufmniml,0,0,0,at://did:plc:dnaftni3vvx2jgzeoufmniml/app.bsky.feed.post/3mksc3f7qd42m,bafyreigu6smbmforfosyjfueagrjqorz24yy2am5rllu4bxunt7k3q7jii,0.564214825630188,"['portfolio', 'equities']","[0.564214825630188, 0.5503520965576172]",neutral,0.8709002733230591
2026-05-01T14:00:59+00:00,2026-05-01T14:01:00.172Z,monitor dell gaming 27 full hd 240hz ips 05ms amd freesync premium t v 3 estrel amazon r 1034 anuncio tmepromosluah,cuponsluah.bsky.social,Cupons Luah 🌙✨,did:plc:2kaxhtjgbwok76m4j2r747wf,0,0,0,at://did:plc:2kaxhtjgbwok76m4j2r747wf/app.bsky.feed.post/3mksc3fhwz52e,bafyreierdo3xbb7kdwr4kpvcaai7k5fqymeuofjccm4avegb6gbr7unh3e,0.5626139640808105,"['portfolio', 'equities']","[0.5626139640808105, 0.548445463180542]",neutral,0.9207786321640015
2026-05-01T13:56:31.939412Z,2026-05-01T13:56:35.074Z,amazon gmktec pc amd ryzen 5 pro 6650h ryzen 7 5825u ddr5 16gb m2 2280 512gb 16tb 45ghz win11 pro usb40 oculink 25g lan 3 8k hdmi 20dptypec usb32 3 m8 pc new amazon,papalog11.bsky.social,Papalog,did:plc:5bwhugbygkastihtd6wn6wwx,0,0,0,at://did:plc:5bwhugbygkastihtd6wn6wwx/app.bsky.feed.post/3mksbtitsmh2p,bafyreighuixc5x4y3hchihwijshhgmjgcuz34nwn3mvm6ehbkkfaveneua,0.5438899397850037,"['forex', 'equities']","[0.5438899397850037, 0.537683367729187]",neutral,0.9016271233558655
2026-05-01T13:56:05.788581Z,2026-05-01T13:56:08.771Z,gmktec pc amd ryzen 7 pro 6850u 64gb ddr5 16tb ssd oculink usb40 2 hdmi21 8k 4 win11 pro 25g lan 2 wifi6 pc pc m7 ultra pc 32gb1tb amazon,papalog11.bsky.social,Papalog,did:plc:5bwhugbygkastihtd6wn6wwx,0,0,0,at://did:plc:5bwhugbygkastihtd6wn6wwx/app.bsky.feed.post/3mksbspthc22l,bafyreidhr53gb5kaorybylhksqqmcx3tgiga7dwlu54knzs3ay7vu5n24m,0.5574911236763,"['forex', 'crypto']","[0.5574911236763, 0.5486149787902832]",neutral,0.8834507465362549
2026-05-01T13:53:43.526Z,2026-05-01T13:53:56.072Z,monitor dell gaming 27 full hd 240hz ips 05ms amd freesync premium t v 3 estrelas se2726hg de r 1248 por r 1034 parcelado resgate o cupom em baixo do pre o amznto42dhejg,promomuquirana.bsky.social,PROMO muquirana,did:plc:k6sjr344cmehipluuwaxutea,0,0,0,at://did:plc:k6sjr344cmehipluuwaxutea/app.bsky.feed.post/3mksbofjilc2q,bafyreih2uls6yqhcuuhrxccms55y3zn6zbgfn3bqv33g7l5c2g26ulv7tu,0.5568917989730835,"['equities', 'portfolio']","[0.5568917989730835, 0.5537464022636414]",neutral,0.7304009199142456
2026-05-01T13:52:35.375Z,2026-05-01T13:52:36.475Z,beelink ser9 pro mini pc mini ordenador con amd ryzen 7 h 255 8c16t hasta 49ghz 24gb lpddr5x 6400mhz 500gb m2 2280 pcie40x4 ssd 2500mbps lan wifi 6 bluetooth 52 dp hdmi usb4 baja de 99900 a 89800 ahorro 10100 10,lobocompras.bsky.social,LoboCompras & Coñas Inc.,did:plc:zxbclrdegu36ivu6o2rjx52c,0,0,0,at://did:plc:zxbclrdegu36ivu6o2rjx52c/app.bsky.feed.post/3mksbmerau32j,bafyreifdsyyvo23krjnlsrqyzk3d6nj2x22tibdw73gs2wrliqjmougcdu,0.5572107434272766,"['equities', 'portfolio']","[0.5572107434272766, 0.5442883372306824]",neutral,0.8924492597579956
2026-05-01T13:48:43.772Z,2026-05-01T13:48:45.077Z,all ppl talk about is stupid ass reality tv shows i dont care about and stupid ass celebrities as well and i dont care about any of that crap talk to me about how amd has shift business motto are only data base and not consumer basedo yall even know what im talking about when saying that,blksonic.bsky.social,Blacksonic,did:plc:az4z2y4l6d25hbz4pcoksct6,0,0,1,at://did:plc:az4z2y4l6d25hbz4pcoksct6/app.bsky.feed.post/3mksbfhnm5s2a,bafyreihgzrnrejindiwaqkekmskfmil2ufcjo5bh5s2i3bot7wzqjtvjna,0.5912420749664307,"['crypto', 'macro']","[0.5912420749664307, 0.5304926633834839]",neutral,0.8832288384437561
2026-05-01T13:45:48.981487Z,2026-05-01T13:45:51.984Z,amazon amazoncojp amd ryzen 7 5700x without cooler 34ghz 8 16 36mb 65w 100100000926wofew1y amazon amazon,papalog11.bsky.social,Papalog,did:plc:5bwhugbygkastihtd6wn6wwx,0,0,0,at://did:plc:5bwhugbygkastihtd6wn6wwx/app.bsky.feed.post/3mksbadkp5l2w,bafyreifqeglac5up4ilzssvxm4ar33ecolhe7cl7vd2kmavqcwufcgzjne,0.5626994967460632,"['macro', 'forex']","[0.5626994967460632, 0.5461153388023376]",neutral,0.9176884889602661
2026-05-01T13:45:40.721Z,2026-05-01T13:45:43.078Z,processador amd ryzen threadripper pro 5995wx cache 256 mb 64 n cleos sp3 wof 100100000444wof por r 3999000 no pix ou r 4704700 em at 10x sem juros kabum br,buscatech.bsky.social,Buscatech Promoções 💸🔥,did:plc:j26m7szisa4m6cjjplqzz4hv,0,0,0,at://did:plc:j26m7szisa4m6cjjplqzz4hv/app.bsky.feed.post/3mksba2yf3w23,bafyreig2qpvigg6lok3johwgr43em2egofp3fhv6hjh4iwywia3sn6tvpi,0.5593824982643127,"['forex', 'portfolio']","[0.5593824982643127, 0.558559238910675]",neutral,0.8902419805526733
2026-05-01T13:44:31.210963Z,2026-05-01T13:44:34.173Z,asus amd radeon rx 9060 xt 16gb gddr6 oc primerx9060xto16g amazon amazon,papalog11.bsky.social,Papalog,did:plc:5bwhugbygkastihtd6wn6wwx,0,0,0,at://did:plc:5bwhugbygkastihtd6wn6wwx/app.bsky.feed.post/3mksb5zhnyw2f,bafyreiftnubthejyxhib6ykp6m6bfikjvz53igdslugfhkc2wen22hvagi,0.5668600797653198,"['crypto', 'equities']","[0.5668600797653198, 0.5616375803947449]",neutral,0.9278239011764526
2026-05-01T13:44:08.625788Z,2026-05-01T13:44:11.474Z,asus amd dual radeon rx 9060 xt 16gb gddr6 dualrx9060xt16g,papalog11.bsky.social,Papalog,did:plc:5bwhugbygkastihtd6wn6wwx,0,0,0,at://did:plc:5bwhugbygkastihtd6wn6wwx/app.bsky.feed.post/3mksb5dtp3d2p,bafyreie6n5hbrhfivwtkfbyaqrja35dlhffgqgguyxvqumi7a6ra4ejaoq,0.5827394723892212,"['forex', 'equities']","[0.5827394723892212, 0.5610151290893555]",neutral,0.9236037731170654
2026-05-01T13:30:59.693367Z,2026-05-01T13:31:00.482Z,on a test le pc french en rx 9070 100 dessus et croyez le ou non du full amd dans une config a envoie toujours tr s fort,flowupofficiel.bsky.social,FlowUP | à 3 clics de ton futur PC ! 🫵,did:plc:wokvestyazamitpjszw22mrq,1,0,0,at://did:plc:wokvestyazamitpjszw22mrq/app.bsky.feed.post/3mksafr42l626,bafyreienjifzl5wgnfguhf3g2klkdsorjdns5fdfo4efxsnanihinpwavu,0.5793371796607971,"['portfolio', 'forex']","[0.5793371796607971, 0.552405595779419]",positive,0.5434427857398987
2026-05-01T13:26:15.294Z,2026-05-01T13:26:15.710Z,team twlo softwares up probably watch igv for strength esp post msft xom cvx downside nflx showing some strength post er off 90 base nvda off 200 psych amd rejecting last week high sbux ideally another day for next week tsla against 50d,julianthelemur.bsky.social,Julianthelemur,did:plc:giy5efgcxxghywvrif5tlco5,0,0,1,at://did:plc:giy5efgcxxghywvrif5tlco5/app.bsky.feed.post/3mksa5bngzc2c,bafyreiditp2l4w44zghvv4te4s2ir65cdij6nvvnwsxdm5psth3q2a4gqq,0.6454193592071533,"['portfolio', 'equities']","[0.6454193592071533, 0.6151663064956665]",positive,0.8589646220207214
