created_at,indexed_at,text,author_handle,author_display_name,author_did,like_count,repost_count,reply_count,uri,cid,financial_score,top_topics,top_scores
2026-05-01T17:55:04.615Z,2026-05-01T17:55:04.975Z,reading some short reflections students wrote on pope francis reading of the parable of the good samaritan as a challenge to the globalization of indifference this really resonated with so many of them,arturoviaggia.bsky.social,Arthur Urbano,did:plc:6bz47c5ij26xycoo7xbjq3o4,1,0,0,at://did:plc:6bz47c5ij26xycoo7xbjq3o4/app.bsky.feed.post/3mksp5xr55k2w,bafyreie2le2tt2w4efkhliho7mam5fxsq2gqabvhdjsl3jvyf26afncfdq,0.5517127513885498,"['portfolio', 'equities']","[0.5517127513885498, 0.5409899353981018]"
2026-05-01T17:54:58.491Z,2026-05-01T17:55:01.273Z,nope not at all and driving distances are relatively short so gas prices arent felt too badly by most people little eurostyle cityrunners are popular kia picanto hyundai i10 but with evs now people are upsizing into much bigger vehicles as long as you dont have to park in central tel aviv,mateyush.bsky.social,Mateyush,did:plc:4fw325o3lnszvto2e2usniz3,0,0,0,at://did:plc:4fw325o3lnszvto2e2usniz3/app.bsky.feed.post/3mksp5rwaok2q,bafyreihpve6ircv3z7ynjqqxduwlsbfdsoet6h7rx4nt3iehb3vfi2sifq,0.5942493677139282,"['forex', 'macro']","[0.5942493677139282, 0.5665155649185181]"
2026-05-01T17:54:51.983Z,2026-05-01T17:54:54.473Z,listening to this and reading the wiki at the same time is super fucking funny,mmmmmmuhh.bsky.social,mmmmmmmmm,did:plc:7pt3wil6q3t2vgokqv6z2mo4,0,0,0,at://did:plc:7pt3wil6q3t2vgokqv6z2mo4/app.bsky.feed.post/3mksp5lpo6s2p,bafyreihqtoe4sa4c7mc4d5z252zbxmabxspg2k2bwpky2uoyrfc2a6kqhe,0.5670049786567688,"['crypto', 'forex']","[0.5670049786567688, 0.5212236046791077]"
2026-05-01T17:54:45.036Z,2026-05-01T17:54:48.974Z,shenandoah we did it and what a journey it has been downtown shenandoah inc president karen kenderdine told a standing room only crowd it has been nothing short of a miracle that we arrived here today shensentinelcomnewsshenand,shensentinel.bsky.social,The Shenandoah Sentinel,did:plc:ujhsn4vx32v3ywwh4sx4se22,0,0,0,at://did:plc:ujhsn4vx32v3ywwh4sx4se22/app.bsky.feed.post/3mksp5hw7hi2z,bafyreicplrcjy7avfw4ynrkypjf2f4vd2tgcbld7mvew76uzl37rntf6tu,0.519883394241333,"['derivatives', 'crypto']","[0.519883394241333, 0.4870198965072632]"
2026-05-01T17:54:43.420Z,2026-05-01T17:54:45.179Z,being the individual people run to in a fire may feel great shortterm but the negative effects can pile up leaddevcomcultureput,adrianfaciu.dev,Adrian Fâciu,did:plc:llsmrxr7czewcbdchuthcp2l,0,0,0,at://did:plc:llsmrxr7czewcbdchuthcp2l/app.bsky.feed.post/3mksp5dkcvs2l,bafyreibvfehykufdarzykdvobjvugjympwcnk7um5yi7lqquk7pcoxy6ve,0.5292845368385315,"['equities', 'portfolio']","[0.5292845368385315, 0.5089988112449646]"
2026-05-01T17:54:34.774Z,2026-05-01T17:54:43.278Z,he finds his nipple quickly it s tingling before his fingers even take hold then he begins to squeeze try my free femdom erotic short story planned over fall into her devious schemes femdom bdsm erotica opensubstackcompubkisstheb,mrdfblair.bsky.social,DF Blair - Femdom Erotica,did:plc:jmmguzjlxn6uezw5sjxepte6,0,0,0,at://did:plc:jmmguzjlxn6uezw5sjxepte6/app.bsky.feed.post/3mksp53chkc2o,bafyreifqlxttzrllw5j7fs5lwin64ipa23eihbqnzhtnxqyxpwbtqcypki,0.5532582402229309,"['crypto', 'macro']","[0.5532582402229309, 0.5403288006782532]"
2026-05-01T17:54:31.206Z,2026-05-01T17:54:31.775Z,i m at 85 weeks right now and i m dying to get out there i ll try a very slow and short one and see how it feels,transbean.bsky.social,TransBean 🏳️‍⚧️ a visible lezbean,did:plc:3ydrrm6dzglc3z3qw4iij74g,0,0,0,at://did:plc:3ydrrm6dzglc3z3qw4iij74g/app.bsky.feed.post/3mksp4xvm5k2g,bafyreiev6y2veosxauktc44q7mjavz6ue3shennnu6ku7mxjxvjox5pw7m,0.5538049340248108,"['equities', 'portfolio']","[0.5538049340248108, 0.5430560111999512]"
2026-05-01T17:54:18.143Z,2026-05-01T17:54:26.277Z,anelle the wizard my husband and i are currently playing daggerheart with some friends i drew his character who is a small fairy named anelle she s a gardener and the caretaker of a sacred tree illustrator illustration art,happygobyhannah.bsky.social,HappyGo! by Hannah,did:plc:ssc2i3xbz672ao4f7sxegiud,1,0,0,at://did:plc:ssc2i3xbz672ao4f7sxegiud/app.bsky.feed.post/3mksp4lh2ak23,bafyreicugnyym2auojg3efuxhvj3ocacdadcl2qqnlsruibj57ug7dmdyq,0.5258007049560547,"['portfolio', 'crypto']","[0.5258007049560547, 0.5245524048805237]"
2026-05-01T17:54:13.433Z,2026-05-01T17:54:31.177Z,peppa pig short sleeve cuddlesuit is now available for order message if interested payments accepted via paypal or cash app soft comfy and made for allday cozy wear made to order abdl 18 ageplay adultbaby ddlg mdlb littlespace petplay,puppysaesthetics.bsky.social,Puppys Aesthetics,did:plc:tsfgilgy3mtmpyvoatxrgwmn,0,0,0,at://did:plc:tsfgilgy3mtmpyvoatxrgwmn/app.bsky.feed.post/3mksp4gxkh22x,bafyreiczgpfeagev6c5f4x2x5mfefyr5azneym4n3bbqngt75f7nbn3yqu,0.5775721073150635,"['crypto', 'forex']","[0.5775721073150635, 0.5362029671669006]"
2026-05-01T17:53:42.028Z,2026-05-01T17:53:47.236Z,theexpanse,wagnarok.bsky.social,will,did:plc:54kjfcud6qv2ywckoe2cqw5b,0,0,0,at://did:plc:54kjfcud6qv2ywckoe2cqw5b/app.bsky.feed.post/3mksp3iyxnc2e,bafyreibdkvcdmyid4ftxo7toipprmd74xrdxau2scswtjah4j6tvq4qqaa,0.5487765669822693,"['crypto', 'derivatives']","[0.5487765669822693, 0.547931969165802]"
2026-05-01T17:53:00.687Z,2026-05-01T17:53:00.975Z,the russians switched to using pens because graphite is a conductor and the dust from pencils floating around in zero g will short out electronics and start fires,seentoomuch.bsky.social,Seentoomuch,did:plc:mk5axfui3p2dznihpwaopax7,0,0,0,at://did:plc:mk5axfui3p2dznihpwaopax7/app.bsky.feed.post/3mksp2bl7o22s,bafyreifwgp33mj47ta5p5dz552npb2aspyirtiosqvccktb27fdzbcq5am,0.5580069422721863,"['equities', 'portfolio']","[0.5580069422721863, 0.5480846166610718]"
2026-05-01T17:52:59.436Z,2026-05-01T17:53:05.282Z,bsfw events online unless noted otherwise eastern time zone marcys virtual short story meetup sun 53 3pm daniels comic book workshop manhattan tue 55 7pm onthespot workshop critique group wed 56 730pm rad files novel group mon 511 730pm,bsfwriters.bsky.social,BSFWriters,did:plc:jxjrszqh7vhsec56zz7qxthb,0,0,0,at://did:plc:jxjrszqh7vhsec56zz7qxthb/app.bsky.feed.post/3mksp2aeyz22c,bafyreihg4gly2ed5vahbm3xrvckidxhh4o52qgwgrzgeg32qur7gcczqp4,0.5556643009185791,"['forex', 'crypto']","[0.5556643009185791, 0.5445297956466675]"
2026-05-01T17:52:53.591Z,2026-05-01T17:52:54.408Z,do you think he didnt know they were going to undo milligan in the near future he knew he quite probably used milligan to buy positive pr knowing he would overrule it in short order,noahdahl.bsky.social,Noah Dahl,did:plc:dzpuqhtpr7esa3d7uelt2qrw,0,0,0,at://did:plc:dzpuqhtpr7esa3d7uelt2qrw/app.bsky.feed.post/3mksp23dmx22b,bafyreiacdd62sk2wn5j7dm5bmwkcvjan6hfwrz6t4dbqzoz5lhfcpxrjva,0.6162976026535034,"['derivatives', 'equities']","[0.6162976026535034, 0.5768728852272034]"
2026-05-01T17:52:30.450Z,2026-05-01T17:52:30.878Z,yep carrying on a long tradition of former wh staffers being extremely informative and interesting right after leaving realizing that utility has a very short half life and slowly morphing into the uninformed take machines they used to loathe,theleaderisgood.bsky.social,The Leader Is Good,did:plc:efgg667sjclmvqaxpftldwsr,1,0,0,at://did:plc:efgg667sjclmvqaxpftldwsr/app.bsky.feed.post/3mksozeqgek2u,bafyreihfukwsndblhuubpfysfhava5fgf3ccbfiisg4vhlfrnam53udeki,0.5256171226501465,"['crypto', 'equities']","[0.5256171226501465, 0.5212069153785706]"
2026-05-01T17:52:26.011Z,2026-05-01T17:52:27.972Z,also braless crop tops may be a new favorite of mine,brainlesskitty.bsky.social,Holly 💜,did:plc:7acu6sacde7v75chx2owwviw,0,0,0,at://did:plc:7acu6sacde7v75chx2owwviw/app.bsky.feed.post/3mksozaj4c22k,bafyreid66hgpuumjgre4unyrsus5akoyqkphtgjwx3zpptcaejfb2x76cu,0.5522271394729614,"['equities', 'portfolio']","[0.5522271394729614, 0.5425049662590027]"
2026-05-01T17:52:12.083Z,2026-05-01T17:51:29.482Z,everybody else please send your emails to council even if you are planning on testifying on 516 they are counting the foragainst emails even a short message helps now is the time,beckyhammer.bsky.social,Becky Hammer,did:plc:jvzdtfvzuqdgk36wncgl2dnp,0,0,0,at://did:plc:jvzdtfvzuqdgk36wncgl2dnp/app.bsky.feed.post/3mksoyt7uuk27,bafyreibdvqmw7udvjujm2gossdhm6uhogrnreeh5li36xtq2vtqyrydtdq,0.5339887142181396,"['crypto', 'derivatives']","[0.5339887142181396, 0.5144547820091248]"
2026-05-01T17:52:10.958Z,2026-05-01T17:52:11.574Z,the one time we ever got lost was in big bear ca we tried to take a shortcut that wasn t a shortcut and it took us way longer to get to where we needed to be,mfoley25.bsky.social,Margot Foley,did:plc:ctz6wsj2cwy2tjlat26qrgnr,0,0,0,at://did:plc:ctz6wsj2cwy2tjlat26qrgnr/app.bsky.feed.post/3mksoys5l7k2o,bafyreibphd247l2t33fwizps2dmvyxf6ogcuuzohept36kb5hpejozx3aq,0.5786671042442322,"['equities', 'portfolio']","[0.5786671042442322, 0.5266981720924377]"
2026-05-01T17:51:47.168Z,2026-05-01T17:51:47.474Z,i have to say the ones who walk away from omelas is probably one of my favorite short stories so far,kiersay.bsky.social,Kiersay Aoker,did:plc:6rcfuowxpvxnqds5rf674ya5,0,0,0,at://did:plc:6rcfuowxpvxnqds5rf674ya5/app.bsky.feed.post/3mksoy3hks227,bafyreie4vd3add3jrdkb6hd6lqo4zkdi4q74ocnydiydxpvgbdrpz7gave,0.5490133762359619,"['equities', 'portfolio']","[0.5490133762359619, 0.5217953324317932]"
2026-05-01T17:51:39.819Z,2026-05-01T17:51:40.276Z,its a vague and contradictory metric but nutrition folks are just struggling for a heuristic regular people can use to sift the good from the bad short of sticking a good or bad label on all foods which i cant see the sellers and makers of bad foods going for,wichita.bsky.social,Wichita,did:plc:rgy4brr5ibdgndr6xduqrpzi,0,0,0,at://did:plc:rgy4brr5ibdgndr6xduqrpzi/app.bsky.feed.post/3mksoxuhbzs2p,bafyreiej2rx2yxyuzca3v2aj44j4x53liqllm2b7twh4sdvfrkx4fzjedy,0.5549865365028381,"['portfolio', 'equities']","[0.5549865365028381, 0.5385500192642212]"
2026-05-01T17:51:26.498Z,2026-05-01T17:51:27.573Z,les sm qui sont des teigneurs de feu oui mais cest pas donn quun syst me qui fonctionne est un system optimal ou tout le monde apporte un max de valeur dont sell yourself short,olivier.gopyrate.com,Olivier le Pyrate ☠️,did:plc:oov3xqssllqrbdvfbu2dyf7n,0,0,0,at://did:plc:oov3xqssllqrbdvfbu2dyf7n/app.bsky.feed.post/3mksoxhqqbc2s,bafyreicj7ftvdbei4sxidkcaz4wa7mraqavz5gmkctqi7uqbl4zllc4mvy,0.5808957815170288,"['macro', 'forex']","[0.5808957815170288, 0.5709724426269531]"
2026-05-01T17:51:24.760Z,2026-05-01T17:51:25.781Z,that s how you treat your short king,pyrros.bsky.social,Matt,did:plc:z7i5h5vukl7mlmb5fug6hswk,34,1,1,at://did:plc:z7i5h5vukl7mlmb5fug6hswk/app.bsky.feed.post/3mksoxg3oys2m,bafyreidddlxemngt2weddz5djgipksy3twdkdnk7yxqv7qsiyqwzjnbzoi,0.49923571944236755,"['macro', 'forex']","[0.49923571944236755, 0.4958605170249939]"
2026-05-01T17:51:15.291Z,2026-05-01T17:51:18.074Z,ok the short version is it is a twolobed spot so almost two spots i think it mostly looks like a clenched butt personally the long version is that males sometimes rarely have two lil spots on their sides and therefore,chaseprairie.bsky.social,🌾 Dr. Liz Anna Kozik 🌾,did:plc:wameikp6ip7fk2rxcx67peot,1,0,1,at://did:plc:wameikp6ip7fk2rxcx67peot/app.bsky.feed.post/3mksox52qvs2m,bafyreibrmi3ppwqxjpvxdlk2p5ppbz2adnedfduqacymzxlnifk2siecda,0.5314836502075195,"['macro', 'portfolio']","[0.5314836502075195, 0.5248843431472778]"
2026-05-01T17:51:10.982Z,2026-05-01T17:51:13.980Z,channelling leslie easterbrook boss,danlesac.bandcamp.com,dan le sac 🦄💣,did:plc:ohwjq7msutygvufycx7pzhgm,0,0,0,at://did:plc:ohwjq7msutygvufycx7pzhgm/app.bsky.feed.post/3mksowyxcu22e,bafyreigolajajb4ffuz72r2cybbg4wfqtomeuakpztlg4tbnoj5rragq7y,0.547775387763977,"['equities', 'derivatives']","[0.547775387763977, 0.5344962477684021]"
2026-05-01T17:50:57.070Z,2026-05-01T17:50:56.272Z,i promised id do two short videos for two different publishers today so now im creeping around my house doing the wheres my tripod thingy gesture its like the snipsnop snipsnop gesture for when you cant find your scissors but with three fingers formed into claws,premeemohamed.com,Premee Mohamed,did:plc:guerg6x6poqpkedj6w2cbx7q,10,0,1,at://did:plc:guerg6x6poqpkedj6w2cbx7q/app.bsky.feed.post/3mksowlooxk2b,bafyreibyfftgpwcwsftkuw5o4ezkjolpo5kqw36zxlxth47apobtckhype,0.5396695137023926,"['crypto', 'portfolio']","[0.5396695137023926, 0.5356686115264893]"
2026-05-01T17:50:56.481Z,2026-05-01T17:51:05.908Z,whatever he was doing here richard speight jr at jib16 in rome april 2026 richardspeightjrl jusinbello jib16 supernatural spn,ailesdusoleil.bsky.social,Ailes du Soleil,did:plc:oy6oecqglxirdgdefyyxm66v,1,0,0,at://did:plc:oy6oecqglxirdgdefyyxm66v/app.bsky.feed.post/3mksowl4prc2d,bafyreifila4lf3pyjtc4z5kjjeoodxtvajbit25igr3nh6lu5a2wedde7i,0.5825519561767578,"['derivatives', 'forex']","[0.5825519561767578, 0.5355240106582642]"
2026-05-01T17:50:48.407Z,2026-05-01T17:50:50.877Z,i m so glad i got to write this piece for the edu s collation blog about the work i m doing as part of my shortterm artistic research fellowship,eveyreidy.bsky.social,evey reidy 🐌,did:plc:ls5a33vvtecbfo5riaum4f6m,0,0,1,at://did:plc:ls5a33vvtecbfo5riaum4f6m/app.bsky.feed.post/3mksowdgcys2m,bafyreia7vr6eqclgrl5q4lymgegn2kiyr7x5yddnezhzfxra57pehqpxfa,0.5246372818946838,"['crypto', 'derivatives']","[0.5246372818946838, 0.5146220326423645]"
2026-05-01T17:50:28.592Z,2026-05-01T17:50:31.277Z,short stream 3,tayliink.bsky.social,Taylink🤍✨,did:plc:ukqceailuso7perooebikx6q,0,0,0,at://did:plc:ukqceailuso7perooebikx6q/app.bsky.feed.post/3mksovqjnfc25,bafyreiek3waij4zzunxxrxzxfiarb3z7kqwoou2bgk5fjms5x7zge5dckq,0.5755082368850708,"['equities', 'portfolio']","[0.5755082368850708, 0.5499582886695862]"
2026-05-01T17:49:58.730Z,2026-05-01T17:50:00.896Z,i dont know i dont have all the answers im not going to tell anyone what to do but i think parkers approach here is shortsighted and doesnt feel very empathetic to the folks directly harmed by platners behavior weve been asked so many times to sell our souls for pragmatism im over it,madisyn-writes.bsky.social,Madisyn Parisi 🏳️‍⚧️,did:plc:udmczg7xo7s67l7ke6zaodt3,0,0,0,at://did:plc:udmczg7xo7s67l7ke6zaodt3/app.bsky.feed.post/3mksouu2n2d2b,bafyreihw3i6hna6xkphgmcmwicigaauatx6w65umlmums2goz3ewdi4jzq,0.5620746612548828,"['equities', 'crypto']","[0.5620746612548828, 0.5406155586242676]"
2026-05-01T17:49:37.178Z,2026-05-01T17:49:38.672Z,short stacks ych plush based 3d models only taking 10 rn fully rigged buyers receive blend file below,deerlybeioved.bsky.social,Rumble Simp,did:plc:2q7ba2wfgstnhuxmr7fsa4u3,1,0,1,at://did:plc:2q7ba2wfgstnhuxmr7fsa4u3/app.bsky.feed.post/3mksou7ikhc2i,bafyreifjmrcu74lsrcxi2qmd7z6ag4wjripqovb476batxhcrhbyewk3a4,0.5674646496772766,"['crypto', 'portfolio']","[0.5674646496772766, 0.54612135887146]"
2026-05-01T17:49:33.209Z,2026-05-01T17:49:59.077Z,recent ringing there was a peal at wadenhoe in which they rang 178 different methods all mixed up that is some feat of memory being able to remember the method from the name and then put it into practice clever clogs bells bellringing northamptonshire bbringingworldcoukviewphpid,pdgcbr.bsky.social,PDGCBR,did:plc:6fc6xri52laey3fions6bw77,0,0,0,at://did:plc:6fc6xri52laey3fions6bw77/app.bsky.feed.post/3mksou3pu5k2e,bafyreifnfwgkp6no3oaz5kzfyndnskdxyfzamkm7c37u4th4a3eu76drdm,0.5223965644836426,"['equities', 'portfolio']","[0.5223965644836426, 0.5127894282341003]"
2026-05-01T17:49:01.581Z,2026-05-01T17:49:09.675Z,pretty cure ep5 rest in piss pisard figured he was doomed to a short lived run when they introduced a bunch of other villains and they were all mocking him,plainpat808.bsky.social,“precure” pat,did:plc:4zymowfb6mr2yiqp6zfrlkil,0,0,0,at://did:plc:4zymowfb6mr2yiqp6zfrlkil/app.bsky.feed.post/3mksot5m2e22a,bafyreieu724r43vfb5lj3jigj6sevah6j4vrfugbo2zea5adislvpiwx44,0.531267523765564,"['portfolio', 'equities']","[0.531267523765564, 0.5123955607414246]"
2026-05-01T17:48:35.968Z,2026-05-01T17:48:37.378Z,apologies for the stream crash today rly puts a damper on doeydays we were notified that fiber internet is coming to our area within the next few wks ill try to put something fun together for the yt from todays very short stream and ill see yall hopefully for a full stream next friday,doeykat.bsky.social,DoeyKat,did:plc:rqm2sokb5dktt657jqqd2sen,1,1,0,at://did:plc:rqm2sokb5dktt657jqqd2sen/app.bsky.feed.post/3mksosf4m2224,bafyreicha5jmllrcfn727yetlewcxb5ijadtfx5buq3vcwmwpyqt5ibcl4,0.5458532571792603,"['crypto', 'equities']","[0.5458532571792603, 0.5327883958816528]"
2026-05-01T17:48:35.942Z,2026-05-01T17:48:36.876Z,short game work 8 iron love this damn game golfsky,joyweber.bsky.social,Joy Weber,did:plc:zdl5m4vdrab2snzx57o75nzg,0,0,0,at://did:plc:zdl5m4vdrab2snzx57o75nzg/app.bsky.feed.post/3mksosf3roc2o,bafyreihl7twmct5bgfjtgjcig5oumoznx4ua4lrifjzjh3tpkexluglvvm,0.5789515972137451,"['equities', 'derivatives']","[0.5789515972137451, 0.5463069677352905]"
2026-05-01T17:48:31.476Z,2026-05-01T17:48:33.485Z,ooh this is excellent ty it s a short trip anyway but we plan to do a proper longer east coast trip in the future including boston,cerisen.bsky.social,jackson,did:plc:hb5zutfqx3kqhd2qvjov5jnd,0,0,0,at://did:plc:hb5zutfqx3kqhd2qvjov5jnd/app.bsky.feed.post/3mksosatjd22f,bafyreigxex5ajitu43ygazbpcqiweobhgqd56imq32jpgdxosiehb6hpji,0.5379877090454102,"['equities', 'portfolio']","[0.5379877090454102, 0.534265398979187]"
2026-05-01T17:48:30.191Z,2026-05-01T17:48:31.177Z,update he got the sack today and has since text to say he has a health condition got caught short and had no choice also said his family will starve and be at risk i actually feel bad now,catastrophicblues2.bsky.social,Ⓢⓘⓜⓞⓝ 🏳️‍🌈,did:plc:2rzvjpjoerhp3g4w4l7nlrad,2,0,1,at://did:plc:2rzvjpjoerhp3g4w4l7nlrad/app.bsky.feed.post/3mksos7mbhk26,bafyreifgn3kpjh5jfbkkgqcie4cdemqjrqmcl64t6w55ldtpewusq5qgrm,0.5416650772094727,"['equities', 'portfolio']","[0.5416650772094727, 0.5346037149429321]"
2026-05-01T17:48:26.394Z,2026-05-01T17:48:26.882Z,i don t blame residents being upset tesla not a fan of them myself i think the council is short sighted i m pragmatic and if i were in charge i investigate what needs to be done to make the charging points fit purpose to bring under council control rather than ripping them up,ferretcatcher.bsky.social,Czes,did:plc:nkmduvw7yxcyugyai57cksxj,0,0,0,at://did:plc:nkmduvw7yxcyugyai57cksxj/app.bsky.feed.post/3mksos3yggk2n,bafyreicpqezbocuglpyq7y3rfjyc27pyzmsxxn5ux5msk3jawcvbeemtta,0.4998607039451599,"['crypto', 'derivatives']","[0.4998607039451599, 0.49781519174575806]"
2026-05-01T17:48:23.091Z,2026-05-01T17:48:23.777Z,i had the same question i messaged jewish friends and told them i loved them but that seems rather short of actual helping,cambridgerach.bsky.social,Rachel Gooch,did:plc:firqmhqc6xma3flujlmqzq2z,0,0,0,at://did:plc:firqmhqc6xma3flujlmqzq2z/app.bsky.feed.post/3mksorytluk2k,bafyreiapgfctzlsbtq4br66bbglg7ht5t6spnrdb4ytxhugc7vxgp2zosm,0.5702603459358215,"['forex', 'derivatives']","[0.5702603459358215, 0.5391919612884521]"
2026-05-01T17:48:17.488Z,2026-05-01T17:48:19.075Z,how to train for short squeezes,parislatinos.bsky.social,Paris Latinos,did:plc:f3ase4enld2yc5b525aymcus,1,0,0,at://did:plc:f3ase4enld2yc5b525aymcus/app.bsky.feed.post/3mksortvalm2h,bafyreigotiz3z4cb773yxijkbjpw5mslmix23sn2kwtlb6ptgdgwvgqlhm,0.5834014415740967,"['derivatives', 'macro']","[0.5834014415740967, 0.5359357595443726]"
2026-05-01T17:47:48.046Z,2026-05-01T17:47:48.876Z,if you re not doing anything with them i think the only benefit is to sell the figure wbox will push up the price in 2030 years time selling in the short term i think it adds only a little value,stokes959.bsky.social,Matt Stokes,did:plc:rabrhobbqloxsxzeq5oobrqg,0,0,0,at://did:plc:rabrhobbqloxsxzeq5oobrqg/app.bsky.feed.post/3mksoqxg57k27,bafyreifgzm2ha65eovctdn6otcg4n4jxkvmjxrr4ca37sjvz2vfxkze2rm,0.642230749130249,"['forex', 'crypto']","[0.642230749130249, 0.6403085589408875]"
2026-05-01T17:47:44.019Z,2026-05-01T17:47:44.480Z,part of my short fiction review column for the april issue of locus magazine is now available to read in locus online locusmagcomreviewpodca featuring stories from podcastle beneath ceaseless skies and tasavvur,mariahaskins.com,Maria Haskins,did:plc:vpsa4gvwydxppfkkap37soy4,2,0,0,at://did:plc:vpsa4gvwydxppfkkap37soy4/app.bsky.feed.post/3mksoqtm32625,bafyreiecnx57aipj6tq4oo5smfh2tle5ronfgr7zxfxxtnlnfjunrslihm,0.5521144866943359,"['equities', 'portfolio']","[0.5521144866943359, 0.5478832125663757]"
2026-05-01T17:47:24.284Z,2026-05-01T17:47:26.075Z,idk how to bring up that making fun of short people is connected to eugenics and circuseshuman zoo type shit people keep acting like theres a both sides like they do with race colorism fatness and gender and theres not its literally why little people are mocked,blackapostate.blacksky.app,Concealer for Men👨🏿‍🎤Advocate,did:plc:26t2me6brgrdzuvb7drcoil5,1,1,1,at://did:plc:26t2me6brgrdzuvb7drcoil5/app.bsky.feed.post/3mksoqaqy522o,bafyreihqt6rmnyiya4waz47fhpwveqzbooyycnmvu4ncxd5tjfhga62onu,0.5019782185554504,"['derivatives', 'equities']","[0.5019782185554504, 0.49981987476348877]"
2026-05-01T17:47:00.344Z,2026-05-01T17:47:00.978Z,i caught the last hour in short fck all has changed,proudnshort.bsky.social,Proud ‘n short(ly corporate dad),did:plc:dn5muuphyfoqsaln3egqs2aq,1,0,1,at://did:plc:dn5muuphyfoqsaln3egqs2aq/app.bsky.feed.post/3mksopjwfa22t,bafyreiezbgd6stlzu33xqvkivqow4ybena3bl2afhzmkw7w3sq3ob6sslm,0.5675019025802612,"['portfolio', 'equities']","[0.5675019025802612, 0.5606552362442017]"
2026-05-01T17:46:53.259Z,2026-05-01T17:46:55.780Z,earthquake nevada series of earthquakes in nevada over short period with recent one of 49 early friday today link,1true-america.bsky.social,TRUE AMERICA,did:plc:l6i4qc45yp2d535ezip7hqqe,0,0,0,at://did:plc:l6i4qc45yp2d535ezip7hqqe/app.bsky.feed.post/3mksopd67b22j,bafyreice54e3asbyqjnthdf5qgsln5crnihanpx4wkianapkwazlq5ewme,0.5434920787811279,"['derivatives', 'macro']","[0.5434920787811279, 0.5223957896232605]"
2026-05-01T17:46:28.771Z,2026-05-01T17:46:29.575Z,released a small short story on deviantart and my website titled a table at sea whisperedalivecomatableats literature story creatures ocean,whisperedalive.bsky.social,WhisperedAlive,did:plc:hv2fska2vz5mvlyefy77tdtr,0,0,0,at://did:plc:hv2fska2vz5mvlyefy77tdtr/app.bsky.feed.post/3mksoolsu7s2m,bafyreigbotufq2hbc4buqjs67ckgesyp26cb2e577ovel3dzp46svvnyoa,0.5567159056663513,"['crypto', 'portfolio']","[0.5567159056663513, 0.49077457189559937]"
2026-05-01T17:45:57.895Z,2026-05-01T17:45:58.178Z,one of the most important skills you can develop as a neurodivergent person is to learn to identify early if a hyperfixation is shortterm or longterm,booksandbows.bsky.social,kwisatz haderade (finger twirl szn),did:plc:ph4u7fikda3oqy6dwdtskq3k,9,0,2,at://did:plc:ph4u7fikda3oqy6dwdtskq3k/app.bsky.feed.post/3mksonoekvk2l,bafyreicwp6p2jyqd5puphfgutknwo335n2utvj3fu74uaynhferrfjzb3e,0.5370887517929077,"['crypto', 'forex']","[0.5370887517929077, 0.5341768264770508]"
2026-05-01T17:45:53.064Z,2026-05-01T17:45:55.578Z,and purely because of a quirk of physics combined with a regulator some fifty years ago wanting to solve a short term issue and nobodys thought to change it since british broadcasting everyone,joebaldwin.me.uk,Get Behind Me SATA,did:plc:vookngjx6reisr2o45oaw7xk,2,0,0,at://did:plc:vookngjx6reisr2o45oaw7xk/app.bsky.feed.post/3mksonjr6422s,bafyreie4rdeosst2l7vhudz4apkl63ofdp7dx6qfclstc2iwdqajfmmije,0.5499790906906128,"['forex', 'macro']","[0.5499790906906128, 0.5477434396743774]"
2026-05-01T17:45:34.442Z,2026-05-01T17:45:34.676Z,i admitted multiple times on twitter that i flirted with fascism when i was younger bc the neocon to fascist pipeline is pretty short but i never flirted with nazism bc even as a dumb teen i knew the race science it was built on was bullshit neonazis were viewed identically to commies,frish.bsky.social,Frish,did:plc:2cwttecabqaubcbtidsxmz6o,1,0,0,at://did:plc:2cwttecabqaubcbtidsxmz6o/app.bsky.feed.post/3mksomxytlc2n,bafyreigtpck5gfmh2l2jqojg2r6mq4gbmppopuveez5icl3qcshefel53q,0.5434090495109558,"['macro', 'portfolio']","[0.5434090495109558, 0.5271197557449341]"
2026-05-01T17:45:28.146Z,2026-05-01T17:45:34.172Z,todays ps publishing newsletter reprinted the full phantasmagoria magazine review by carl r jennings of my new science fiction collection 101 things to do before youre downloaded i hope his words of praise will encourage you to order a copy pspublishingcouk101thingst,scottedelman.bsky.social,Scott Edelman,did:plc:ac2kmpveixxnm4cp4janyafx,1,0,0,at://did:plc:ac2kmpveixxnm4cp4janyafx/app.bsky.feed.post/3mksoms2los2b,bafyreiacpqn3qubx2y4qtiktx6ujmekqex2ifrzmvx44nprks7kb5wcqxm,0.5205020904541016,"['crypto', 'portfolio']","[0.5205020904541016, 0.5171064734458923]"
2026-05-01T17:45:08.986Z,2026-05-01T17:45:09.477Z,real missed opportunity for secretary duffy has already lost in court and if he wants to see us there again theres no traffic and his commute time will be predictable and short,jameslonghurst.bsky.social,James Longhurst,did:plc:fd6nfla4vbnim2lp5feqh7m4,1,0,0,at://did:plc:fd6nfla4vbnim2lp5feqh7m4/app.bsky.feed.post/3mksom7pz6k2i,bafyreia22o63vyirh6uxd36on2iqkdon4ddkddqzt7gnfgjty4ddjk4jlu,0.5560004711151123,"['macro', 'derivatives']","[0.5560004711151123, 0.5302804708480835]"
2026-05-01T17:45:02.975Z,2026-05-01T17:45:03.171Z,in the short term its trump but the industry has been pushing for oversized trash since the 90s nonpassenger work vehicles evade efficiency and safety standards while demanding higher profit margin by ignorant customers who think size means safety ignoring increased danger 4 everyone else,detroitgoose.com,Davey,did:plc:ao3jshmlf5ijcabghxtstq6z,0,0,1,at://did:plc:ao3jshmlf5ijcabghxtstq6z/app.bsky.feed.post/3mksolzyk3k2z,bafyreig2rn7smkqg4jwepyzltf2y46yp46bfz33svxsjfqiyk3n5atjpx4,0.5506284236907959,"['crypto', 'equities']","[0.5506284236907959, 0.5285154581069946]"
2026-05-01T17:44:53.040Z,2026-05-01T17:44:57.310Z,spooky girl yearning for spooky season may promosky infj amant de la luna aspiring sleep paralysis demon cinephile readerwriter gothic horrorfantasy metalclassical enthusiast sleep tokenbad omens fangirl animestudio ghibli academia art dark humor love my kitty,moonhoneyxo.bsky.social,𝓛𝓾𝓷𝓪 🌙,did:plc:42yft4rnjtygpkyti4zujtha,5,2,0,at://did:plc:42yft4rnjtygpkyti4zujtha/app.bsky.feed.post/3mksolqjjsc2c,bafyreiemycs5omz4bjr4kxkkk4hymm54buyndzoicrhjlgkexsic56pl5a,0.5759537816047668,"['crypto', 'derivatives']","[0.5759537816047668, 0.5566174983978271]"
2026-05-01T17:44:34.064Z,2026-05-01T17:44:36.875Z,short and sweet dancae caeheng meme fic based on those time travel memes from a little bit ago late to the party but we i had fun archiveofourownorgworks84086921 honkaistarrail,timegrenades.bsky.social,attu,did:plc:24sx2jtudywbdrnzxlhgjlk5,0,0,0,at://did:plc:24sx2jtudywbdrnzxlhgjlk5/app.bsky.feed.post/3mksol6gbo225,bafyreid4jciep257vgcoag2jx455vtnc2vfonp2lpvykyxx3jz4zevlbrm,0.5440049767494202,"['crypto', 'derivatives']","[0.5440049767494202, 0.5429432392120361]"
2026-05-01T17:44:32.288Z,2026-05-01T17:44:34.081Z,trump regime is stuck on stupid the continued attacks on nato allies are counterproductive the comments hurt americans i commanded the huge ramstein ab in germany the two big airfields in germany give us great access in three continents we are shooting ourselves in our own feet rep bacon,whodat35.bsky.social,Lee West,did:plc:vwajgkd45f5damhlwimo3bom,8,3,1,at://did:plc:vwajgkd45f5damhlwimo3bom/app.bsky.feed.post/3mksol4q5ak2y,bafyreiaodyjpge23lkl3woab2h2yen2m3vsku73yo2wupuwlwecsesbmle,0.5226662755012512,"['portfolio', 'equities']","[0.5226662755012512, 0.5214590430259705]"
2026-05-01T17:44:06.440Z,2026-05-01T17:44:07.471Z,humiliation is in the eye of the beholders and most beholders with sense see it as an abject humiliation because the epstein axis has been grabbed by the short hairs by iran and as we speak trump is whining to world leaders begging them to bail him out of his selfdestructive humiliation,susannahredelfs.bsky.social,Susannah R,did:plc:r5no5vl3fgr6hfhbnfnbox3p,0,0,0,at://did:plc:r5no5vl3fgr6hfhbnfnbox3p/app.bsky.feed.post/3mksoke3b4225,bafyreiagzdjd35d5semr4bjuxgeqbd72yw23l2powxf7dzcrbkln53ypzu,0.548977792263031,"['equities', 'derivatives']","[0.548977792263031, 0.5471097826957703]"
2026-05-01T17:43:58.967Z,2026-05-01T17:44:05.876Z,leaf,oozeley.bsky.social,🪄🛸 Showbiz Sid Oozeley 🪄🛸,did:plc:gqit2frw3giiicss2focajdv,1,0,1,at://did:plc:gqit2frw3giiicss2focajdv/app.bsky.feed.post/3mksok4x7as2c,bafyreiftvphlyeze5ggfcnbxdlalgz4njkf66oi6p4dpbcrhvzpshoifie,0.544536828994751,"['equities', 'portfolio']","[0.544536828994751, 0.5443066954612732]"
2026-05-01T17:43:55.291Z,2026-05-01T17:43:56.072Z,possibly the first time in history that the voting public is actually correct in blaming potus as the primary cause for macroeconomic conditions because the president can only affect shortrun macroeconomics with catastrophic policy choices that nobody else in history was stupid enough to do,notlikewe.bsky.social,egg16z 🥚,did:plc:szhwqv4rgd62by7vt46jinlh,2,1,0,at://did:plc:szhwqv4rgd62by7vt46jinlh/app.bsky.feed.post/3mksojzgzfs2v,bafyreigu4fpaps2oluwizrijot6cjaew6eyfv7qxsjttezeblprakztrea,0.6386066675186157,"['macro', 'forex']","[0.6386066675186157, 0.5223488211631775]"
2026-05-01T17:43:49.135Z,2026-05-01T17:43:51.572Z,recently the aurora reimagined coalition invited community leaders along with city and state leadership out for a walk to talk about reconnecting fremont these are the stated shortlong term goals and outcomes,olraca.bsky.social,Olraca,did:plc:ef4omfctzvx5j6pzhdx2cmrs,2,0,0,at://did:plc:ef4omfctzvx5j6pzhdx2cmrs/app.bsky.feed.post/3mksojtl6o224,bafyreiaxpmnxbftbkqnsgw7ntoaysmu5r4jbiedeg6jb4yc5pastqmliw4,0.5631070137023926,"['portfolio', 'equities']","[0.5631070137023926, 0.5590621829032898]"
2026-05-01T17:43:38.246Z,2026-05-01T17:43:40.673Z,in the shortterm and for a limited time the losses of oil from the straits of hormuz can be made up for the long term things are pretty bleak especially after exhaustion of the strategic reserve,robertscotthorton.bsky.social,Scott Horton,did:plc:nyjm4ylfid2a7mjm6varxuiq,10,6,0,at://did:plc:nyjm4ylfid2a7mjm6varxuiq/app.bsky.feed.post/3mksojj6vu22g,bafyreihbcpsmnsxug6ypnhf4za3umo2h4yzy4h2piezyj3uf6cjcmftot4,0.620154082775116,"['macro', 'forex']","[0.620154082775116, 0.6006301045417786]"
2026-05-01T17:43:35.020Z,2026-05-01T17:43:35.381Z,fight for your right revisited 2011 is a 30minute short film written and directed by adam mca yauch acting as a starstudded sequel to the 1987 original the film serves as a metacommentary on the bands own past did you catch em all com,ibloud.xyz,I. B. Loud IVXX,did:plc:b5uem672ci23lqrcz6j6bs2c,0,0,0,at://did:plc:b5uem672ci23lqrcz6j6bs2c/app.bsky.feed.post/3mksojg4fj224,bafyreicvvy2l2mpa6pajt5qx75luo4m4446nsgh4h72lszttz7wmgzg7vq,0.5204917788505554,"['crypto', 'portfolio']","[0.5204917788505554, 0.512514591217041]"
2026-05-01T17:43:21.241Z,2026-05-01T17:43:22.376Z,words that provide a nice sort of white noise while you lock eyes with someone short enough to fit wholly in your esophagus,14point4khz.bsky.social,⪩ toku ⪨,did:plc:yjhi53m4nfa4q7sofkhpvmsw,0,0,0,at://did:plc:yjhi53m4nfa4q7sofkhpvmsw/app.bsky.feed.post/3mksoiyxui22m,bafyreicb73i75hbl66mkxc2wguwbdqmuojvimoyyyg73352lbv4vgzeaua,0.522892951965332,"['macro', 'crypto']","[0.522892951965332, 0.4972914159297943]"
2026-05-01T17:43:18.178Z,2026-05-01T17:43:19.774Z,hi tysm im 754 short for rent due today by 5pm edt all is appreciated to keep my housed during my birthday helpsky helpfolkslive2026 mutualaid disability fundsky helpblackwomen helpblackmages blackmutualaid biopocma linktreekhernandez op bskyappprofilekswr,kswriteshere.bsky.social,KSWriteshere 🍉♊,did:plc:udzdncz54fsj2spg24u33wj2,6,4,1,at://did:plc:udzdncz54fsj2spg24u33wj2/app.bsky.feed.post/3mksoiw2fbc2j,bafyreie2aqew5v3ld5hp5g2mguetsmi5yopagjtad4vjxuewf267n3wboe,0.5454164743423462,"['crypto', 'derivatives']","[0.5454164743423462, 0.506763219833374]"
2026-05-01T17:43:03.430Z,2026-05-01T17:43:05.374Z,short but sweet anniversary reminder if your anniversary is near or you just want to create a romantic atmosphere brightness of love deep love hope and love in loves embrace just be you just a few love songs on our concept album guardians of love distrokidcomhyperfollow,markofthemusic.com,Mark Of The Music ✔️,did:plc:iyxfhdnnko6cdojskhjn5k5c,0,0,0,at://did:plc:iyxfhdnnko6cdojskhjn5k5c/app.bsky.feed.post/3mksoihytjk2c,bafyreibzw4vgc62w7pd23by753crzjxmaqdgsyhkkjwrq4rjo33gpn6j7m,0.5231770873069763,"['crypto', 'macro']","[0.5231770873069763, 0.5092775821685791]"
2026-05-01T17:42:57.469Z,2026-05-01T17:43:04.981Z,our first short run of print arcs for authorlife is here these are spoken for already but i ll be making a larger order soon,badhandbooks.bsky.social,Bad Hand Books,did:plc:crd5hgecwhtkqxfegosvmqnq,5,0,1,at://did:plc:crd5hgecwhtkqxfegosvmqnq/app.bsky.feed.post/3mksoicckjc2x,bafyreib6t6uvbqilvt3uoscx4mbdbozflbbbd7hgp5xebfjqetydenkzbq,0.5603834390640259,"['derivatives', 'equities']","[0.5603834390640259, 0.5477446913719177]"
2026-05-01T17:42:56.052Z,2026-05-01T17:42:56.973Z,thats what i got from the first book and i have a whole lot of trust in the way youre going to tell it im so excited about the world buildingmeta and i feel so much especially for rae and eric whose lives were cut short before they could really begin,suaine.bsky.social,,did:plc:y3rfdz6jfj5wojqwtcwtwfo4,0,0,1,at://did:plc:y3rfdz6jfj5wojqwtcwtwfo4/app.bsky.feed.post/3mksoiax6t22o,bafyreichq7mpck4jsrmb6wpnef7cnh2es3ghyhlcableuhgs5okzsm2xjm,0.5222451686859131,"['equities', 'crypto']","[0.5222451686859131, 0.5156036615371704]"
2026-05-01T17:42:53.495Z,2026-05-01T17:42:58.374Z,do i scare you amazing piece of sky by bskysocial thank you again love the lighting,kadytimberfox.bsky.social,Kady!,did:plc:elautnzaqwbmlqp4huic45ri,1,0,0,at://did:plc:elautnzaqwbmlqp4huic45ri/app.bsky.feed.post/3mksoi6jfks2o,bafyreiffrrpilq6ksczhvxjfmheqdbb6e3vmmzh4ezdp7vr2sgwvztdsmq,0.5316793322563171,"['crypto', 'macro']","[0.5316793322563171, 0.5267392992973328]"
2026-05-01T17:42:39.094Z,2026-05-01T17:42:40.773Z,and yeah based off an althist short story i read once that i cant remember the name of where there was a nuclear war in the 1980s and the nonaligned movement ended up dominating the world caption is a lyric from james mcmurtrys remembrance,goldwagnathan.bsky.social,Nathan Goldwag ,did:plc:ppise65focmjxbwb7v6yclvd,2,0,0,at://did:plc:ppise65focmjxbwb7v6yclvd/app.bsky.feed.post/3mksohqrpas2w,bafyreibx7kpq35couayfbuh2ojs7b76vwkoiwbmbbe6vlqcrlfnacipnyq,0.5121375918388367,"['derivatives', 'crypto']","[0.5121375918388367, 0.4908711612224579]"
2026-05-01T17:42:38.707Z,2026-05-01T17:42:38.977Z,i wish the cooling ones weren t so sheer i would prefer to wear those under dresses to jazz fest if there s any chance someone can see them i want the original that s just me i have the staple and the cooling ones i am short so the shortest length is long enough for me,nolamaven.bsky.social,Susan Whelan,did:plc:b3u6myytpfylfi6uxoblkte5,1,0,0,at://did:plc:b3u6myytpfylfi6uxoblkte5/app.bsky.feed.post/3mksohqftek2i,bafyreiaqfqqtc3djiagsrywqyu6s4zhzmetwgbwwkcjwzgmd5dsp45us64,0.5540751218795776,"['derivatives', 'macro']","[0.5540751218795776, 0.530022382736206]"
2026-05-01T17:42:19Z,2026-05-01T17:42:21.172Z,jujutsu kaisen modulo is celebrating the release of its 3rd and final volume in japan and what better way to do it than with a short promo video by mappa anime jujutsukaisen modulo dyingartmedia jjk,dyingartmedia.com,Dying Art Media,did:plc:rvj4fxtaakh7z5ob4i7yqd2p,0,0,0,at://did:plc:rvj4fxtaakh7z5ob4i7yqd2p/app.bsky.feed.post/3mksoh74j6n23,bafyreigp6oxgo33t6t7sr752fv2ky4lqmb454ommfsxuegs6zhm6qky3tq,0.5464956164360046,"['equities', 'derivatives']","[0.5464956164360046, 0.5435892939567566]"
2026-05-01T17:42:16.434Z,2026-05-01T17:42:22.973Z,heres a short and sweet big 90s teaser trailer ole bornedals nightwatch 1997 youtubegh7ajl4vuhm,howdydoomsday.bsky.social,Howdy Doomsday,did:plc:ve2ll2ctp7a3fujalpfmegez,1,0,0,at://did:plc:ve2ll2ctp7a3fujalpfmegez/app.bsky.feed.post/3mksoh365ek2g,bafyreiaqhqeuxmn5jurjw3u2i323bx6pxfla56atgi3474nyhaxut3zcny,0.5623375773429871,"['macro', 'equities']","[0.5623375773429871, 0.5556259155273438]"
2026-05-01T17:42:06.497Z,2026-05-01T17:42:06.773Z,finished the memory librarian i love how all of the short stories were interconnected also theythem pronouns and the mx title were used im glad i bought this book even if i ended up listening to the audiobook instead lol,thunderai.bsky.social,rai ⚡,did:plc:vznoktg7xgpialumpczmwimu,0,0,0,at://did:plc:vznoktg7xgpialumpczmwimu/app.bsky.feed.post/3mksogrouc22k,bafyreia44b5yfg2bims675ev62r2hbjpbqigghsmqvahblzhwnhi5dsxam,0.5372865200042725,"['crypto', 'derivatives']","[0.5372865200042725, 0.5314410328865051]"
2026-05-01T17:42:04.973Z,2026-05-01T17:42:05.184Z,this house is nothing short of amazing the amount of detail and work is just fantastic,nohbob.bsky.social,Bob Hess,did:plc:eb4z5x4yidayobtel2ezkn5h,1,0,0,at://did:plc:eb4z5x4yidayobtel2ezkn5h/app.bsky.feed.post/3mksogqaeyc2k,bafyreigmlqt2gnzheayekdpvvfvwoodip2da5f5t7p2jamndsmey7zx5tu,0.5129711627960205,"['equities', 'portfolio']","[0.5129711627960205, 0.5041976571083069]"
2026-05-01T17:41:59.848Z,2026-05-01T17:42:00.277Z,i cut one of beans claws too short it was one of his extra toes on his back leg and it started bleeding i feel so bad im sorry son,wiselykamelot.bsky.social,jingfrey☆ミ,did:plc:q2uoixsdjbclx75kee43npm7,0,0,0,at://did:plc:q2uoixsdjbclx75kee43npm7/app.bsky.feed.post/3mksogldy422l,bafyreidwp6eiobp3ps62mcrke2v3ey23dolhsgyfbkh46tivfm4v3vyy7e,0.5334247946739197,"['macro', 'equities']","[0.5334247946739197, 0.5105610489845276]"
2026-05-01T17:41:43.384Z,2026-05-01T17:41:49.277Z,some quick doodles of roa and kem art oc,uintie.bsky.social,✩₊˚.⋆ uintie ✿ comms open!,did:plc:ubhu7tc25glnxlbqngja6b72,7,1,0,at://did:plc:ubhu7tc25glnxlbqngja6b72/app.bsky.feed.post/3mksog3nsrc2f,bafyreiccvrly22j5rfwtv6ewj6meeeptgicprfvgcr4ygghcunkguqg574,0.5579288601875305,"['portfolio', 'crypto']","[0.5579288601875305, 0.5464191436767578]"
2026-05-01T17:41:25.127Z,2026-05-01T17:41:24.705Z,the problem square has had is for the better part of a decade or so they saw their mobile games division as short term investments so if any mobile game that didnt immediately make money hand over fist they simply shut it down within a year as a financial loss,flappywheres.bsky.social,Flappy,did:plc:w6k3b6l7pegfuhdxh7zipqup,0,0,1,at://did:plc:w6k3b6l7pegfuhdxh7zipqup/app.bsky.feed.post/3mksofkimkc2f,bafyreia22t2qwdjoshwuiegpci6ctu3qlzjepvkkb2z7qqav5m6qb5mwiq,0.6037822365760803,"['equities', 'macro']","[0.6037822365760803, 0.5945519804954529]"
2026-05-01T17:41:19.642Z,2026-05-01T17:41:22.480Z,donald trump the incompetent biden administration tried to shut down the oceans to our fishermen entirely as usual this doesnt sound even a bit believable,trumpwat.ch,Trump Watch,did:plc:vmqaqj4analzfkfnaccgtrrx,0,0,1,at://did:plc:vmqaqj4analzfkfnaccgtrrx/app.bsky.feed.post/3mksofeyygk25,bafyreihmylasbp6wx55vwidvyxcjsh54zkewkw27slor5jdlbdvu4iiimq,0.5323640704154968,"['derivatives', 'crypto']","[0.5323640704154968, 0.52474045753479]"
2026-05-01T17:40:50.530Z,2026-05-01T17:40:51.574Z,as a short im not even mad at this,gotdatthyow.bsky.social,peanut butter legs,did:plc:v5smz4ttnhcj4hqxsvp6myy6,1,0,0,at://did:plc:v5smz4ttnhcj4hqxsvp6myy6/app.bsky.feed.post/3mksoejakqk2r,bafyreia6t3zsgqfwixsun7tvjkllfvcxooruaklmun3pzihui7xtmfg5wm,0.5519036054611206,"['equities', 'portfolio']","[0.5519036054611206, 0.537202000617981]"
2026-05-01T17:40:47.789Z,2026-05-01T17:40:47.977Z,during my last buhurt training i was briefly paired with this short thin teetiny cis girl with big wet eyes so naturally i crushed her into dust lmao i briefly considered going easy on her but then thought nowe are equals on the field of battle,orcbitch.bsky.social,Orc Bitch,did:plc:iolszkz7urx7worjt34sh5bz,5,0,2,at://did:plc:iolszkz7urx7worjt34sh5bz/app.bsky.feed.post/3mksoegmuz22g,bafyreidlgbrqnmjftbueirc45xdcfbepypaf4a7ojexjonvb47whvytn34,0.5360928177833557,"['portfolio', 'derivatives']","[0.5360928177833557, 0.5231990218162537]"
2026-05-01T17:40:27.763Z,2026-05-01T17:40:28.604Z,no you actually have to be a bottom feeding crayon eater to not be able to follow the logic presented to you and because im not a fascist i know that kind of stupid is willingly done go sit in the dunce corner and think about what youre doing with your short time on earth,mullhund.bsky.social,🍉 matty 🪲,did:plc:faglqrdobrgv2r2uwkq5u2yo,2,0,0,at://did:plc:faglqrdobrgv2r2uwkq5u2yo/app.bsky.feed.post/3mksodtjrds2l,bafyreifpll2aefeu6ghzbkz4ucygl4k4y2rfypjtqhjgebd75urwrii7su,0.5307621955871582,"['macro', 'portfolio']","[0.5307621955871582, 0.5078692436218262]"
2026-05-01T17:40:12.547Z,2026-05-01T17:40:14.376Z,oh for sure riles me up every time appalachia specifically a lot of fucked up shit happened to coal miners minorities and other mountain folk in north ga nc and tn but sure lets pretend were not intelligent ill laugh at the stereotypes sometimes theyre real but we got the short stick,solongandgoodnite.bsky.social,"Kate 💀 Sister, Not Cister",did:plc:p7x2eg2wjcmblucrb5nbrvki,1,0,1,at://did:plc:p7x2eg2wjcmblucrb5nbrvki/app.bsky.feed.post/3mksodezeyk2d,bafyreihl47bjjxk74s7lnmxh72nh6marou3zhhxuzrb3gqwjnkoqprja4q,0.5143970251083374,"['derivatives', 'macro']","[0.5143970251083374, 0.5025395750999451]"
2026-05-01T17:40:11.009Z,2026-05-01T17:40:11.574Z,but what about my short position against tesla ah well,theapplefarmer.bsky.social,Cornelius (aka Con) Traas,did:plc:lahtipioamgkb6ajxbb4anb6,0,0,0,at://did:plc:lahtipioamgkb6ajxbb4anb6/app.bsky.feed.post/3mksoddkhzc22,bafyreihfpqsdovjw7qw6t22vzztjszotbiy2o7rrrdmnmboddtzg4fr3pe,0.587579071521759,"['equities', 'crypto']","[0.587579071521759, 0.5620879530906677]"
2026-05-01T17:40:07.564Z,2026-05-01T17:40:12.073Z,p i get to bigtime a bit my friend was spielbergs pa many years back and one of his jobs was to compileedit their home movies ive seen that tom hanksmarty short on a boat raw footage which was from a vacation theyd all taken together hanks was doing forrest gump in that bit,paulandstorm.bsky.social,Paul and Storm,did:plc:xfwxh3czbf226r2itmipkq3e,0,0,0,at://did:plc:xfwxh3czbf226r2itmipkq3e/app.bsky.feed.post/3mksodabdr22b,bafyreifqyzzbe6auoccaid6rrkducr4x4rjyizig72rhngyepw3oql3r4q,0.5393444299697876,"['derivatives', 'forex']","[0.5393444299697876, 0.503646731376648]"
2026-05-01T17:40:05.655Z,2026-05-01T17:40:09.076Z,youtubecomshortsdep6q ffxiv short releasing right now,caetsuchaijich.bsky.social,Caetsu Chaiji,did:plc:rukn7ldnwbrlz2gt5c6nfc3y,1,0,0,at://did:plc:rukn7ldnwbrlz2gt5c6nfc3y/app.bsky.feed.post/3mksod6h2jk2b,bafyreidzy6vjrn25ot6ogm2q3br3qsn6sif5f6qnxrlllerkta6sswrqaa,0.5931070446968079,"['derivatives', 'equities']","[0.5931070446968079, 0.5613521337509155]"
2026-05-01T17:40:01.666Z,2026-05-01T17:40:25.683Z,in the end april was way too busy for me to participate and i didnt want to just throw a few pieces and then not interact with anyone soooo heres a few little things i made for skycross oc ocsky art illustration,vol-sen.bsky.social, Sen✨🌿,did:plc:aarz2psabhpwlyh7rwfmkrac,10,5,3,at://did:plc:aarz2psabhpwlyh7rwfmkrac/app.bsky.feed.post/3mksod2onyc23,bafyreibwfayoehvrb5h36hiuml37jjtp3zutcpdf3fniz6n5fjzep6sbhm,0.5407560467720032,"['crypto', 'equities']","[0.5407560467720032, 0.535406231880188]"
2026-05-01T17:39:52.326Z,2026-05-01T17:40:03.100Z,i wrote a short article about ftx for the it history journal though it s definitely a story worth studying in detail to avoid repeating the same mistakes patreon patreoncomcwkalashnik,kalashnikovisme.bsky.social,Pasha Kalashnikov,did:plc:v2zovan7qqjetqzwovoou3os,0,0,0,at://did:plc:v2zovan7qqjetqzwovoou3os/app.bsky.feed.post/3mksocynwp227,bafyreibk7djgty6i575abspf2ek62qr6xlrbs3covvf66w4apcxvhnufe4,0.5674318671226501,"['macro', 'crypto']","[0.5674318671226501, 0.5664126873016357]"
2026-05-01T17:39:36.178Z,2026-05-01T17:39:35.697Z,daddy revolution is looking for some radical rioters to start a uprising in the sheets don t let the pinkertons bust your union or your nut send this to 8 militant mami s who are ready to demand a short week and a long night or else the bosses will dynamite your social life,hk47.bsky.social,#1 Meatbag Disintegrator,did:plc:dakhizopztkaq33iepofe377,0,0,0,at://did:plc:dakhizopztkaq33iepofe377/app.bsky.feed.post/3mksoccdxzc2u,bafyreih4upsy26ygsko6c2jucb3yullejewgtpnkkqxbvddpqiwcpmaacq,0.5544607639312744,"['crypto', 'macro']","[0.5544607639312744, 0.5488001704216003]"
2026-05-01T17:39:16.000Z,2026-05-01T17:39:19.673Z,i havent gotten to post a lot but ive gotten lots of progress done on my animated short so im going to share a part of one of my patreon posts rough animation of sebastian stepping back its come out quite smooth artistonbluesky,itheparrott.bsky.social,itheparrott (COMMS OPEN),did:plc:2hd2bz4nk6m6f7wqphzaabxw,1,0,0,at://did:plc:2hd2bz4nk6m6f7wqphzaabxw/app.bsky.feed.post/3mksobp3qc223,bafyreiamvseciyij26yzcultdyl5ye2xrec43pogvpaxhwtn6veu564gha,0.5404359102249146,"['portfolio', 'crypto']","[0.5404359102249146, 0.5365935564041138]"
2026-05-01T17:39:13.624Z,2026-05-01T17:39:25.896Z,in short tsukihime doesnt come together as a complete work for obvious reasons but it is nonetheless shocking good in very specific areas those moments are what makes this vn into something truly special beyond its charming status as an overly ambitious first title that is,madhogthymaster.bsky.social,Madhog thy Master,did:plc:w4dspjkjctd27nkg7h7l7mzw,0,0,0,at://did:plc:w4dspjkjctd27nkg7h7l7mzw/app.bsky.feed.post/3mksobxn4dk2t,bafyreibpamsxpxv7b7mrbifnmqww5lnkez6wbhhb2qo7ovqg5eh56qp63i,0.5685996413230896,"['crypto', 'equities']","[0.5685996413230896, 0.5587883591651917]"
2026-05-01T17:39:11.224Z,2026-05-01T17:39:11.374Z,do you think magdalena bay would let me use 30 seconds of a song for the shortlived intro to a podcast series that will go on our bonus episode feed am i overthinking this will anyone even know about it,goblinmode.com,jade for president 2028!,did:plc:m6td7bz4igxa6mphcxnuhewx,0,0,0,at://did:plc:m6td7bz4igxa6mphcxnuhewx/app.bsky.feed.post/3mksobkjya224,bafyreiaegapjdyofchcckmqmhl6nbpshjuiqldgoncyje4bh3iaekujuam,0.525049090385437,"['equities', 'derivatives']","[0.525049090385437, 0.5231980681419373]"
2026-05-01T17:38:59.652Z,2026-05-01T17:39:06.675Z,one thing that s struck me while writing unseen souls is just how central domestic service was to victorian life and how little we tend to see it i ve put together a short piece on that world historicalfiction victorian socialhistory womenshistory bitly4n2ykvh,johnerees.com,John Rees,did:plc:hxdx5hdmzedfoqjx2cwlwdgz,0,0,0,at://did:plc:hxdx5hdmzedfoqjx2cwlwdgz/app.bsky.feed.post/3mksob7iugc26,bafyreidkido6byicmisv42d4wdgonjurg5jiomymb4ysr7xts45mp54uau,0.5164614915847778,"['crypto', 'macro']","[0.5164614915847778, 0.5159907937049866]"
2026-05-01T17:38:51.153Z,2026-05-01T17:38:51.775Z,happy potato head day yall yup today is the 74th anniversary of the potato head so that means its potato head month on my channel today i will talk about the short lives comic strip created by jim davis of garfield fame,stitch1993.bsky.social,Stitch1993,did:plc:lltasocsk5t5mocbrjexaogs,2,0,0,at://did:plc:lltasocsk5t5mocbrjexaogs/app.bsky.feed.post/3mksoaxfhnc27,bafyreigzdxdq4s2a2sagot4dcd7rjn7us435fwbtquu5bsbzto5ywgz3wu,0.5221176743507385,"['equities', 'derivatives']","[0.5221176743507385, 0.521170973777771]"
2026-05-01T17:38:39.426Z,2026-05-01T17:38:39.872Z,i have never condemned harmreduction voting but i also factor in that it is possible that longterm harm reduction conflicts with short term harm reduction given our human inability to accurately predict the future i think its reasonable to value avoiding the mostforeseeable harm,cripdyke.bsky.social,Crip Dyke,did:plc:hwa7ff4ku3kvjpxugfpn7fm7,1,0,1,at://did:plc:hwa7ff4ku3kvjpxugfpn7fm7/app.bsky.feed.post/3mksoam7lik2r,bafyreicgjhhl6e4mprw7qwl2ik6eligvcxf3qdqawqlfqual4gcesfm26m,0.5271036624908447,"['portfolio', 'equities']","[0.5271036624908447, 0.5140847563743591]"
2026-05-01T17:38:34.000Z,2026-05-01T17:40:30.476Z,the center on budget policy priorities also highlighted that there is not enough time to implement what could be considered less cruel systems for medicaid workrequirements the center called for work requirements to be pulled but short of that states need more time to ensure their,nonilex.masto.ai.ap.brid.gy,Nonilex,did:plc:z5dcgwxgfgqj72dyuzkp6nu2,0,0,1,at://did:plc:z5dcgwxgfgqj72dyuzkp6nu2/app.bsky.feed.post/3mksocq2vhe72,bafyreiagtepdhx3ubarchuq2zjzk2ocvzz7ogmjcd7c67yenkfxok7csc4,0.5283157825469971,"['macro', 'portfolio']","[0.5283157825469971, 0.5276204347610474]"
2026-05-01T17:38:30.853Z,2026-05-01T17:38:31.076Z,love all those websites that are like we have two factor authentication for your security also you cant repeat any characters in your passwords so you have to keep them really short and also we have easily socially engineered security questions,truebe.horse,Eschaton Detractor,did:plc:lxkh2qpl27fc5wqa4hqlw2co,1,0,0,at://did:plc:lxkh2qpl27fc5wqa4hqlw2co/app.bsky.feed.post/3mksoadzwh224,bafyreidhkftetfedk4wgjuaiuuvjsfx4b2gbs4hktb3m45srdmmuhldnwe,0.558949887752533,"['crypto', 'derivatives']","[0.558949887752533, 0.5316065549850464]"
2026-05-01T17:38:26.902Z,2026-05-01T17:38:28.373Z,im just a short drive away and my latex suit is nearly repaired,tiramisucoyote.bsky.social,"Tiramisu Coyote 🔜 FWA, ASC Saturday",did:plc:bfkptzw6mpy4dyycwmdvovgp,1,0,0,at://did:plc:bfkptzw6mpy4dyycwmdvovgp/app.bsky.feed.post/3mksoaabezk2v,bafyreidfpwxzlmrh326wspr66tsm7b7imgdww3cd7thjjo25cstxaqxk3q,0.5323754549026489,"['macro', 'forex']","[0.5323754549026489, 0.528180718421936]"
2026-05-01T17:38:19.110Z,2026-05-01T17:38:18.777Z,maydaybecause 34xcon disaster values grifting to increase his wealth relatedly appoints similar grifters to wh roles all promote terrible trump cos daily rants shortsighted actions distracting while they profitresulting in avalanches of horrific consequences hurting americans world,memc74.bsky.social,m mcclure,did:plc:cmnw3ei7xdmecbhdbjuzchqm,0,0,0,at://did:plc:cmnw3ei7xdmecbhdbjuzchqm/app.bsky.feed.post/3mkso7ytnm22w,bafyreiaet5ka2rghl6sgtmjjmqbbv72w4h25hyakmehldamyievxecw7gm,0.5666163563728333,"['equities', 'portfolio']","[0.5666163563728333, 0.5601897239685059]"
2026-05-01T17:38:11.485Z,2026-05-01T17:38:11.681Z,im not sure what crunchy and clear and concise might mean in general crunchy tends to be long and filled with exceptions and light tends to be short identifying a few core mechanisms and letting gms apply them as appropriate is the way not trying to secondguess every circumstance,dataknotsdesks.bsky.social,James Wallbank,did:plc:mln2gi3lw3knvxbfhth6j2hf,1,0,1,at://did:plc:mln2gi3lw3knvxbfhth6j2hf/app.bsky.feed.post/3mkso7rkuf22q,bafyreia3vsojfui3tcbqmv5h2dcnk746s7rttoffvt5743lt6hypavhjii,0.5904397368431091,"['macro', 'crypto']","[0.5904397368431091, 0.5457471609115601]"
2026-05-01T17:37:32.446068Z,2026-05-01T17:37:33.672Z,parts 122 efta00465678jpg epsteinweb efta00465678 available in the ios app store now,epsteinweb.bsky.social,Epstein Web,did:plc:ndjyym3ihrqu3g25gdztefrv,0,0,0,at://did:plc:ndjyym3ihrqu3g25gdztefrv/app.bsky.feed.post/3mkso6mlorx2t,bafyreihmy5c6yjt33eogwkvhzdh75dfhxaldq6tudz7t6ygekawrby47ju,0.5459926128387451,"['crypto', 'macro']","[0.5459926128387451, 0.5413389205932617]"
2026-05-01T17:37:29.756Z,2026-05-01T17:37:29.006Z,i added some korean japanese chillipasty stuff garlic powder because i didnt have the patent spice mix in the recipe video i like it when recipe videos and other recipe posts keep it short i also like when other instruction videos keep it short 2,peterstott.bsky.social,PStott,did:plc:fgvwjwz72fikeibn27h3qlm4,1,0,1,at://did:plc:fgvwjwz72fikeibn27h3qlm4/app.bsky.feed.post/3mkso6jwbns2k,bafyreiaondvjjdjxtmvlvh2fm6y7uxjbnip2exnyfo54u7td7w5qoaal2i,0.5726206302642822,"['derivatives', 'forex']","[0.5726206302642822, 0.5308330655097961]"
